Model,DPO2002B
Firmware Version,1.52

Point Format,Y,
Horizontal Units,S,
Horizontal Scale,0.01,
Sample Interval,3.2e-05,
Filter Frequency,7e+07,
Record Length,3124,
Gating,0.0% to 100.0%,
Probe Attenuation,10,
Vertical Units,V,
Vertical Offset,0.6,
Vertical Scale,0.5,
Label,,
TIME,CH1,CH1 Peak Detect
-1.844e-02,-0.88,-1.06
-1.841e-02,-0.9,-0.66
-1.838e-02,-0.98,-1.06
-1.834e-02,-0.8,-0.66
-1.831e-02,-0.92,-1.04
-1.828e-02,-0.94,-0.62
-1.825e-02,-0.94,-1
-1.822e-02,-0.82,-0.68
-1.818e-02,-0.92,-1.06
-1.815e-02,-0.9,-0.66
-1.812e-02,-0.92,-1.04
-1.809e-02,-0.92,-0.62
-1.806e-02,-0.8,-1.04
-1.802e-02,-0.74,-0.68
-1.799e-02,-0.82,-1
-1.796e-02,-0.7,-0.64
-1.793e-02,-0.92,-1
-1.790e-02,-0.82,-0.7
-1.786e-02,-0.78,-1
-1.783e-02,-0.8,-0.7
-1.780e-02,-0.76,-1.06
-1.777e-02,-0.82,-0.68
-1.774e-02,-0.84,-1.04
-1.770e-02,-0.94,-0.64
-1.767e-02,-0.94,-1.04
-1.764e-02,-0.76,-0.62
-1.761e-02,-0.78,-1.08
-1.758e-02,-0.82,-0.74
-1.754e-02,-0.82,-1.02
-1.751e-02,-0.9,-0.64
-1.748e-02,-0.86,-1.1
-1.745e-02,-0.78,-0.66
-1.742e-02,-0.9,-1.08
-1.738e-02,-0.88,-0.7
-1.735e-02,-0.86,-1.1
-1.732e-02,-0.9,-0.76
-1.729e-02,-0.94,-1.08
-1.726e-02,-0.72,-0.7
-1.722e-02,-0.76,-1.06
-1.719e-02,-0.76,-0.66
-1.716e-02,-0.76,-1.02
-1.713e-02,-0.9,-0.66
-1.710e-02,-0.84,-1
-1.706e-02,-0.78,-0.66
-1.703e-02,-0.84,-1
-1.700e-02,-0.76,-0.7
-1.697e-02,-0.82,-0.96
-1.694e-02,-0.84,-0.7
-1.690e-02,-0.74,-1.1
-1.687e-02,-0.88,-0.64
-1.684e-02,-0.88,-1.04
-1.681e-02,-0.8,-0.66
-1.678e-02,-0.86,-1.06
-1.674e-02,-0.98,-0.66
-1.671e-02,-0.8,-1.02
-1.668e-02,-0.86,-0.68
-1.665e-02,-0.86,-1
-1.662e-02,-0.94,-0.68
-1.658e-02,-0.86,-1.06
-1.655e-02,-0.88,-0.68
-1.652e-02,-0.9,-1.04
-1.649e-02,-0.82,-0.64
-1.646e-02,-0.98,-1.08
-1.642e-02,-0.82,-0.66
-1.639e-02,-0.94,-1.04
-1.636e-02,-0.84,-0.72
-1.633e-02,-0.88,-0.98
-1.630e-02,-0.92,-0.68
-1.626e-02,-0.9,-1
-1.623e-02,-0.92,-0.7
-1.620e-02,-0.92,-1.06
-1.617e-02,-0.84,-0.68
-1.614e-02,-1.04,-1.12
-1.610e-02,-0.9,-0.62
-1.607e-02,-0.74,-0.98
-1.604e-02,-0.84,-0.68
-1.601e-02,-0.8,-1.02
-1.598e-02,-0.92,-0.72
-1.594e-02,-0.88,-1.02
-1.591e-02,-0.86,-0.7
-1.588e-02,-0.76,-0.98
-1.585e-02,-0.84,-0.66
-1.582e-02,-0.8,-1
-1.578e-02,-0.78,-0.62
-1.575e-02,-0.88,-1.02
-1.572e-02,-0.86,-0.72
-1.569e-02,-0.8,-1.04
-1.566e-02,-0.78,-0.62
-1.562e-02,-0.9,-1.04
-1.559e-02,-0.86,-0.72
-1.556e-02,-0.88,-1.02
-1.553e-02,-0.72,-0.66
-1.550e-02,-0.78,-0.98
-1.546e-02,-0.88,-0.68
-1.543e-02,-0.84,-1.02
-1.540e-02,-0.88,-0.72
-1.537e-02,-0.72,-0.96
-1.534e-02,-0.86,-0.64
-1.530e-02,-0.8,-1.04
-1.527e-02,-0.84,-0.66
-1.524e-02,-0.98,-1.06
-1.521e-02,-0.72,-0.62
-1.518e-02,-0.8,-0.98
-1.514e-02,-0.9,-0.56
-1.511e-02,-0.82,-1.08
-1.508e-02,-0.8,-0.68
-1.505e-02,-0.8,-1.04
-1.502e-02,-0.96,-0.62
-1.498e-02,-0.84,-1
-1.495e-02,-0.82,-0.66
-1.492e-02,-0.74,-0.98
-1.489e-02,-0.9,-0.64
-1.486e-02,-0.92,-1.1
-1.482e-02,-0.84,-0.68
-1.479e-02,-0.9,-1.06
-1.476e-02,-0.9,-0.62
-1.473e-02,-0.8,-0.98
-1.470e-02,-0.94,-0.66
-1.466e-02,-0.94,-1.02
-1.463e-02,-0.9,-0.66
-1.460e-02,-0.78,-1.06
-1.457e-02,-0.94,-0.66
-1.454e-02,-0.92,-1.06
-1.450e-02,-0.88,-0.66
-1.447e-02,-0.8,-1.04
-1.444e-02,-0.94,-0.68
-1.441e-02,-0.96,-1.02
-1.438e-02,-0.88,-0.54
-1.434e-02,-0.78,-1.04
-1.431e-02,-0.88,-0.66
-1.428e-02,-0.72,-1.02
-1.425e-02,-0.9,-0.64
-1.422e-02,-0.8,-1
-1.418e-02,-0.88,-0.68
-1.415e-02,-0.78,-1.02
-1.412e-02,-0.82,-0.68
-1.409e-02,-0.84,-1
-1.406e-02,-0.84,-0.66
-1.402e-02,-0.8,-1
-1.399e-02,-0.76,-0.62
-1.396e-02,-0.7,-1.04
-1.393e-02,-0.94,-0.66
-1.390e-02,-0.76,-1.02
-1.386e-02,-0.84,-0.66
-1.383e-02,-0.82,-1.04
-1.380e-02,-0.86,-0.64
-1.377e-02,-0.82,-1.04
-1.374e-02,-0.78,-0.68
-1.370e-02,-0.78,-1
-1.367e-02,-0.84,-0.66
-1.364e-02,-0.8,-1.12
-1.361e-02,-0.8,-0.74
-1.358e-02,-0.78,-1
-1.354e-02,-0.8,-0.62
-1.351e-02,-0.9,-1
-1.348e-02,-0.78,-0.64
-1.345e-02,-0.72,-0.96
-1.342e-02,-0.74,-0.62
-1.338e-02,-0.7,-1
-1.335e-02,-0.74,-0.66
-1.332e-02,-0.78,-1
-1.329e-02,-0.92,-0.68
-1.326e-02,-0.76,-1.08
-1.322e-02,-0.78,-0.68
-1.319e-02,-0.74,-1.02
-1.316e-02,-0.82,-0.62
-1.313e-02,-0.82,-1
-1.310e-02,-0.92,-0.56
-1.306e-02,-0.84,-1.06
-1.303e-02,-0.86,-0.66
-1.300e-02,-0.94,-1.02
-1.297e-02,-0.8,-0.66
-1.294e-02,-0.86,-1
-1.290e-02,-0.88,-0.6
-1.287e-02,-0.68,-1.08
-1.284e-02,-0.94,-0.62
-1.281e-02,-0.86,-1.02
-1.278e-02,-0.98,-0.72
-1.274e-02,-0.88,-1.02
-1.271e-02,-0.92,-0.66
-1.268e-02,-0.82,-1.02
-1.265e-02,-0.86,-0.72
-1.262e-02,-1,-1.06
-1.258e-02,-0.86,-0.7
-1.255e-02,-0.98,-1.02
-1.252e-02,-0.78,-0.68
-1.249e-02,-0.98,-1.08
-1.246e-02,-0.98,-0.64
-1.242e-02,-0.82,-1
-1.239e-02,-0.72,-0.58
-1.236e-02,-0.94,-1.02
-1.233e-02,-0.84,-0.68
-1.230e-02,-0.84,-1.02
-1.226e-02,-0.8,-0.66
-1.223e-02,-0.84,-1.08
-1.220e-02,-0.9,-0.72
-1.217e-02,-0.96,-1.04
-1.214e-02,-0.8,-0.66
-1.210e-02,-0.76,-1.04
-1.207e-02,-0.88,-0.7
-1.204e-02,-0.82,-1.08
-1.201e-02,-0.78,-0.68
-1.198e-02,-0.88,-1.06
-1.194e-02,-0.9,-0.7
-1.191e-02,-0.94,-1.06
-1.188e-02,-0.84,-0.72
-1.185e-02,-0.8,-1.02
-1.182e-02,-0.94,-0.68
-1.178e-02,-0.9,-1.04
-1.175e-02,-0.84,-0.62
-1.172e-02,-0.92,-1.02
-1.169e-02,-0.76,-0.72
-1.166e-02,-0.8,-1.02
-1.162e-02,-0.7,-0.68
-1.159e-02,-0.92,-1
-1.156e-02,-0.82,-0.62
-1.153e-02,-0.82,-1.04
-1.150e-02,-0.84,-0.74
-1.146e-02,-0.8,-1.02
-1.143e-02,-0.8,-0.66
-1.140e-02,-0.78,-1.1
-1.137e-02,-0.8,-0.68
-1.134e-02,-0.82,-1.06
-1.130e-02,-0.94,-0.72
-1.127e-02,-0.76,-1.04
-1.124e-02,-0.82,-0.66
-1.121e-02,-0.9,-1.04
-1.118e-02,-0.74,-0.68
-1.114e-02,-0.88,-0.96
-1.111e-02,-0.7,-0.6
-1.108e-02,-0.82,-1.04
-1.105e-02,-0.92,-0.66
-1.102e-02,-0.92,-1.16
-1.098e-02,-0.98,-0.68
-1.095e-02,-0.84,-1.04
-1.092e-02,-0.84,-0.6
-1.089e-02,-0.88,-1
-1.086e-02,-0.84,-0.68
-1.082e-02,-0.9,-1.04
-1.079e-02,-0.88,-0.68
-1.076e-02,-0.84,-1.1
-1.073e-02,-0.82,-0.68
-1.070e-02,-0.82,-1.06
-1.066e-02,-0.9,-0.72
-1.063e-02,-0.86,-1.08
-1.060e-02,-0.8,-0.62
-1.057e-02,-0.78,-1.08
-1.054e-02,-0.94,-0.62
-1.050e-02,-0.76,-1.06
-1.047e-02,-1,-0.68
-1.044e-02,-0.92,-0.96
-1.041e-02,-0.8,-0.68
-1.038e-02,-0.94,-1.04
-1.034e-02,-0.84,-0.7
-1.031e-02,-0.86,-1.04
-1.028e-02,-0.82,-0.72
-1.025e-02,-0.88,-1.02
-1.022e-02,-0.94,-0.66
-1.018e-02,-0.8,-0.98
-1.015e-02,-0.74,-0.58
-1.012e-02,-0.78,-1.02
-1.009e-02,-0.8,-0.6
-1.006e-02,-0.76,-1
-1.002e-02,-0.8,-0.7
-9.992e-03,-0.84,-1.04
-9.960e-03,-0.88,-0.7
-9.928e-03,-0.86,-1.04
-9.896e-03,-0.72,-0.68
-9.864e-03,-0.94,-1.08
-9.832e-03,-0.78,-0.68
-9.800e-03,-0.92,-1.04
-9.768e-03,-0.82,-0.68
-9.736e-03,-0.82,-1.06
-9.704e-03,-0.8,-0.62
-9.672e-03,-0.94,-1.04
-9.640e-03,-0.88,-0.7
-9.608e-03,-0.92,-1.06
-9.576e-03,-0.72,-0.66
-9.544e-03,-0.86,-1.12
-9.512e-03,-0.78,-0.76
-9.480e-03,-0.94,-1.12
-9.448e-03,-0.8,-0.68
-9.416e-03,-0.78,-1
-9.384e-03,-0.92,-0.64
-9.352e-03,-0.74,-1
-9.320e-03,-0.84,-0.74
-9.288e-03,-0.78,-1.1
-9.256e-03,-0.7,-0.6
-9.224e-03,-0.96,-1.06
-9.192e-03,-0.86,-0.68
-9.160e-03,-0.9,-1.02
-9.128e-03,-0.84,-0.64
-9.096e-03,-0.74,-1.06
-9.064e-03,-0.86,-0.62
-9.032e-03,-0.88,-1.06
-9.000e-03,-0.82,-0.64
-8.968e-03,-0.84,-1.06
-8.936e-03,-1.02,-0.72
-8.904e-03,-0.88,-1
-8.872e-03,-0.9,-0.66
-8.840e-03,-0.84,-1.02
-8.808e-03,-0.82,-0.66
-8.776e-03,-0.9,-1.04
-8.744e-03,-0.9,-0.7
-8.712e-03,-0.84,-1.02
-8.680e-03,-0.92,-0.7
-8.648e-03,-0.82,-0.94
-8.616e-03,-0.76,-0.66
-8.584e-03,-0.78,-0.94
-8.552e-03,-0.82,-0.66
-8.520e-03,-0.9,-1.16
-8.488e-03,-0.9,-0.74
-8.456e-03,-0.94,-1.02
-8.424e-03,-0.84,-0.58
-8.392e-03,-0.76,-1.06
-8.360e-03,-1,-0.62
-8.328e-03,-0.92,-1.04
-8.296e-03,-0.86,-0.7
-8.264e-03,-0.92,-1.02
-8.232e-03,-0.84,-0.66
-8.200e-03,-0.8,-1
-8.168e-03,-0.88,-0.68
-8.136e-03,-0.9,-1
-8.104e-03,-0.82,-0.66
-8.072e-03,-0.88,-0.98
-8.040e-03,-0.88,-0.64
-8.008e-03,-0.82,-1
-7.976e-03,-0.84,-0.68
-7.944e-03,-0.78,-1.08
-7.912e-03,-1,-0.7
-7.880e-03,-0.74,-1.08
-7.848e-03,-0.8,-0.66
-7.816e-03,-0.88,-0.98
-7.784e-03,-0.76,-0.6
-7.752e-03,-0.76,-1.04
-7.720e-03,-0.74,-0.66
-7.688e-03,-0.8,-1.06
-7.656e-03,-0.88,-0.72
-7.624e-03,-0.86,-1.02
-7.592e-03,-0.76,-0.68
-7.560e-03,-0.82,-1.06
-7.528e-03,-0.82,-0.66
-7.496e-03,-0.86,-1
-7.464e-03,-0.8,-0.68
-7.432e-03,-0.9,-1.04
-7.400e-03,-0.84,-0.72
-7.368e-03,-0.82,-1.02
-7.336e-03,-0.84,-0.68
-7.304e-03,-0.78,-0.98
-7.272e-03,-0.82,-0.66
-7.240e-03,-0.72,-1
-7.208e-03,-0.88,-0.66
-7.176e-03,-0.84,-1
-7.144e-03,-0.78,-0.66
-7.112e-03,-0.84,-1.04
-7.080e-03,-0.88,-0.68
-7.048e-03,-0.94,-1
-7.016e-03,-0.84,-0.66
-6.984e-03,-0.88,-1.02
-6.952e-03,-0.92,-0.66
-6.920e-03,-0.82,-1.06
-6.888e-03,-0.96,-0.6
-6.856e-03,-0.78,-1.1
-6.824e-03,-0.9,-0.62
-6.792e-03,-0.84,-1.06
-6.760e-03,-0.88,-0.68
-6.728e-03,-0.98,-0.98
-6.696e-03,-0.88,-0.64
-6.664e-03,-0.88,-1.06
-6.632e-03,-0.92,-0.72
-6.600e-03,-0.82,-1
-6.568e-03,-0.94,-0.64
-6.536e-03,-0.94,-0.96
-6.504e-03,-0.86,-0.62
-6.472e-03,-0.78,-1.04
-6.440e-03,-0.82,-0.6
-6.408e-03,-0.84,-1.04
-6.376e-03,-0.76,-0.64
-6.344e-03,-0.9,-1.1
-6.312e-03,-0.78,-0.68
-6.280e-03,-0.74,-1.02
-6.248e-03,-0.94,-0.64
-6.216e-03,-0.96,-1.02
-6.184e-03,-0.86,-0.62
-6.152e-03,-0.86,-1.08
-6.120e-03,-0.7,-0.62
-6.088e-03,-0.76,-1.1
-6.056e-03,-0.72,-0.64
-6.024e-03,-0.94,-1.04
-5.992e-03,-0.88,-0.7
-5.960e-03,-0.8,-1
-5.928e-03,-0.82,-0.7
-5.896e-03,-0.84,-1.04
-5.864e-03,-0.74,-0.68
-5.832e-03,-0.78,-1.04
-5.800e-03,-0.84,-0.66
-5.768e-03,-0.88,-1.02
-5.736e-03,-0.78,-0.68
-5.704e-03,-0.84,-1.04
-5.672e-03,-0.88,-0.66
-5.640e-03,-0.88,-1
-5.608e-03,-0.82,-0.58
-5.576e-03,-0.6,-1.02
-5.544e-03,-0.72,-0.56
-5.512e-03,-0.84,-1.04
-5.480e-03,-0.86,-0.58
-5.448e-03,-0.84,-0.98
-5.416e-03,-0.7,-0.62
-5.384e-03,-0.88,-1.04
-5.352e-03,-0.94,-0.68
-5.320e-03,-0.9,-1
-5.288e-03,-0.72,-0.58
-5.256e-03,-0.76,-1.02
-5.224e-03,-0.86,-0.64
-5.192e-03,-0.72,-1
-5.160e-03,-0.84,-0.62
-5.128e-03,-0.82,-0.96
-5.096e-03,-0.78,-0.54
-5.064e-03,-0.76,-1.02
-5.032e-03,-0.9,-0.72
-5.000e-03,-0.78,-0.98
-4.968e-03,-0.84,-0.64
-4.936e-03,-0.84,-1.06
-4.904e-03,-0.88,-0.68
-4.872e-03,-0.86,-1.06
-4.840e-03,-0.84,-0.68
-4.808e-03,-0.88,-1.02
-4.776e-03,-0.66,-0.5
-4.744e-03,-1,-1.02
-4.712e-03,-0.82,-0.7
-4.680e-03,-0.84,-0.96
-4.648e-03,-0.8,-0.66
-4.616e-03,-0.84,-1.1
-4.584e-03,-0.94,-0.64
-4.552e-03,-0.8,-1.04
-4.520e-03,-0.88,-0.68
-4.488e-03,-0.92,-1
-4.456e-03,-0.78,-0.68
-4.424e-03,-0.86,-0.98
-4.392e-03,-0.86,-0.66
-4.360e-03,-0.74,-1.02
-4.328e-03,-0.82,-0.68
-4.296e-03,-0.86,-1.06
-4.264e-03,-0.88,-0.68
-4.232e-03,-0.9,-1.04
-4.200e-03,-0.86,-0.66
-4.168e-03,-0.84,-1
-4.136e-03,-0.86,-0.7
-4.104e-03,-0.8,-1.04
-4.072e-03,-0.78,-0.6
-4.040e-03,-0.88,-1.06
-4.008e-03,-0.74,-0.7
-3.976e-03,-0.82,-1.06
-3.944e-03,-0.76,-0.68
-3.912e-03,-0.7,-1.04
-3.880e-03,-0.82,-0.68
-3.848e-03,-0.76,-1.04
-3.816e-03,-0.8,-0.66
-3.784e-03,-0.82,-0.96
-3.752e-03,-0.82,-0.64
-3.720e-03,-0.86,-1.12
-3.688e-03,-0.78,-0.68
-3.656e-03,-0.78,-1.02
-3.624e-03,-0.86,-0.66
-3.592e-03,-0.92,-1.06
-3.560e-03,-0.68,-0.6
-3.528e-03,-0.88,-1.08
-3.496e-03,-0.94,-0.66
-3.464e-03,-0.74,-1.02
-3.432e-03,-0.8,-0.66
-3.400e-03,-0.9,-1.04
-3.368e-03,-0.84,-0.58
-3.336e-03,-0.88,-0.94
-3.304e-03,-0.8,-0.68
-3.272e-03,-0.78,-1.06
-3.240e-03,-0.84,-0.7
-3.208e-03,-0.82,-1.1
-3.176e-03,-0.8,-0.68
-3.144e-03,-0.74,-0.94
-3.112e-03,-0.7,-0.56
-3.080e-03,-0.92,-1.06
-3.048e-03,-0.88,-0.64
-3.016e-03,-0.84,-1.02
-2.984e-03,-0.84,-0.72
-2.952e-03,-0.78,-0.98
-2.920e-03,-0.94,-0.7
-2.888e-03,-0.94,-0.98
-2.856e-03,-0.9,-0.66
-2.824e-03,-0.84,-0.98
-2.792e-03,-0.86,-0.64
-2.760e-03,-0.96,-1
-2.728e-03,-0.9,-0.72
-2.696e-03,-0.86,-1
-2.664e-03,-0.82,-0.68
-2.632e-03,-0.78,-1.04
-2.600e-03,-0.96,-0.7
-2.568e-03,-0.92,-1.08
-2.536e-03,-0.76,-0.7
-2.504e-03,-0.9,-1.06
-2.472e-03,-0.84,-0.64
-2.440e-03,-0.86,-1.06
-2.408e-03,-0.8,-0.66
-2.376e-03,-1.02,-1.16
-2.344e-03,-0.94,-0.7
-2.312e-03,-0.82,-1.02
-2.280e-03,-0.92,-0.72
-2.248e-03,-0.8,-1.06
-2.216e-03,-0.94,-0.7
-2.184e-03,-0.82,-1.04
-2.152e-03,-0.84,-0.64
-2.120e-03,-0.92,-1.12
-2.088e-03,-0.8,-0.7
-2.056e-03,-1.02,-1.12
-2.024e-03,-0.84,-0.76
-1.992e-03,-0.76,-1.06
-1.960e-03,-0.96,-0.68
-1.928e-03,-0.9,-1.02
-1.896e-03,-0.88,-0.7
-1.864e-03,-0.88,-1
-1.832e-03,-0.84,-0.6
-1.800e-03,-0.84,-1.06
-1.768e-03,-0.76,-0.58
-1.736e-03,-0.78,-1.08
-1.704e-03,-0.88,-0.66
-1.672e-03,-0.8,-1
-1.640e-03,-0.88,-0.62
-1.608e-03,-0.72,-1.02
-1.576e-03,-0.8,-0.66
-1.544e-03,-0.88,-1.06
-1.512e-03,-0.8,-0.74
-1.480e-03,-0.9,-1.06
-1.448e-03,-0.92,-0.62
-1.416e-03,-0.7,-1.08
-1.384e-03,-0.86,-0.64
-1.352e-03,-0.82,-1.02
-1.320e-03,-0.82,-0.64
-1.288e-03,-0.84,-0.98
-1.256e-03,-0.9,-0.68
-1.224e-03,-0.88,-1
-1.192e-03,-0.82,-0.64
-1.160e-03,-0.88,-0.96
-1.128e-03,-0.86,-0.64
-1.096e-03,-0.88,-1.06
-1.064e-03,-0.88,-0.6
-1.032e-03,-0.84,-1.02
-1.000e-03,-0.86,-0.64
-9.680e-04,-0.88,-1.04
-9.360e-04,-1.02,-0.68
-9.040e-04,-0.9,-1
-8.720e-04,-0.84,-0.62
-8.400e-04,-0.82,-1.08
-8.080e-04,-0.78,-0.66
-7.760e-04,-1.04,-1.14
-7.440e-04,-0.9,-0.66
-7.120e-04,-0.92,-1.06
-6.800e-04,-0.84,-0.64
-6.480e-04,-0.86,-1.02
-6.160e-04,-0.82,-0.7
-5.840e-04,-0.88,-1.04
-5.520e-04,-0.94,-0.72
-5.200e-04,-0.84,-1
-4.880e-04,-0.88,-0.64
-4.560e-04,-0.78,-1.08
-4.240e-04,-0.84,-0.66
-3.920e-04,-0.86,-1.08
-3.600e-04,-0.84,-0.66
-3.280e-04,-0.78,-0.98
-2.960e-04,-0.82,-0.66
-2.640e-04,-0.74,-1
-2.320e-04,-0.76,-0.66
-2.000e-04,-0.8,-1.02
-1.680e-04,-0.8,-0.64
-1.360e-04,-0.9,-1.02
-1.040e-04,-0.82,-0.64
-7.200e-05,-0.84,-0.96
-4.000e-05,-0.78,-0.62
-7.997e-06,-0.84,-2.92
2.400e-05,-2.92,2.16
5.600e-05,0.18,-0.1
8.800e-05,0.18,0.36
1.200e-04,-0.02,-0.28
1.520e-04,-0.1,0.14
1.840e-04,-0.12,-0.5
2.160e-04,-0.28,-0.08
2.480e-04,-0.4,-0.62
2.800e-04,-0.34,-0.3
3.120e-04,-0.48,-0.8
3.440e-04,-0.68,-0.4
3.760e-04,-0.58,-0.86
4.080e-04,-0.76,-0.46
4.400e-04,-0.78,-0.98
4.720e-04,-0.84,-0.6
5.040e-04,-0.84,-1.02
5.360e-04,-0.9,-0.68
5.680e-04,-0.84,-1.24
6.000e-04,-0.94,-0.76
6.320e-04,-0.92,-1.1
6.640e-04,-0.98,-0.78
6.960e-04,-0.9,-1.24
7.280e-04,-1.06,-0.82
7.600e-04,-1.02,-1.28
7.920e-04,-1.16,-0.76
8.240e-04,-0.92,-1.22
8.560e-04,-1.06,-0.86
8.880e-04,-1.1,-1.3
9.200e-04,-1.12,-0.88
9.520e-04,-1.12,-1.22
9.840e-04,-0.94,-0.8
1.016e-03,-0.96,-1.28
1.048e-03,-1.02,-0.82
1.080e-03,-1.14,-1.22
1.112e-03,-1.16,-0.86
1.144e-03,-1.1,-1.24
1.176e-03,-1.1,-0.82
1.208e-03,-1.04,-1.24
1.240e-03,-1.02,-0.8
1.272e-03,-1.06,-1.22
1.304e-03,-1.18,-0.9
1.336e-03,-1.1,-1.18
1.368e-03,-1.1,-0.84
1.400e-03,-1.06,-1.28
1.432e-03,-1.16,-0.84
1.464e-03,-1.04,-1.18
1.496e-03,-1.02,-0.8
1.528e-03,-1.08,-1.14
1.560e-03,-0.88,-0.74
1.592e-03,-1.1,-1.2
1.624e-03,-1.06,-0.82
1.656e-03,-0.94,-1.16
1.688e-03,-0.92,-0.76
1.720e-03,-0.98,-1.12
1.752e-03,-1.02,-0.8
1.784e-03,-1.08,-1.16
1.816e-03,-0.96,-0.82
1.848e-03,-0.82,-1.08
1.880e-03,-0.92,-0.72
1.912e-03,-0.94,-1.12
1.944e-03,-0.98,-0.78
1.976e-03,-0.8,-1.18
2.008e-03,-0.84,-0.7
2.040e-03,-0.9,-1.1
2.072e-03,-0.94,-0.84
2.104e-03,-0.92,-1.1
2.136e-03,-0.78,-0.74
2.168e-03,-0.94,-1.1
2.200e-03,-0.8,-0.78
2.232e-03,-0.94,-1.12
2.264e-03,-0.94,-0.74
2.296e-03,-0.86,-1.12
2.328e-03,-0.86,-0.7
2.360e-03,-0.84,-1.14
2.392e-03,-0.9,-0.74
2.424e-03,-0.96,-1.06
2.456e-03,-0.92,-0.74
2.488e-03,-0.94,-1.1
2.520e-03,-0.78,-0.7
2.552e-03,-0.76,-1.02
2.584e-03,-0.84,-0.7
2.616e-03,-0.82,-1.04
2.648e-03,-0.86,-0.7
2.680e-03,-0.86,-1.04
2.712e-03,-0.88,-0.72
2.744e-03,-0.88,-1.06
2.776e-03,-0.94,-0.74
2.808e-03,-0.9,-1.02
2.840e-03,-0.92,-0.7
2.872e-03,-0.86,-1.04
2.904e-03,-0.84,-0.58
2.936e-03,-0.98,-1.06
2.968e-03,-0.84,-0.54
3.000e-03,-0.98,-1.04
3.032e-03,-0.92,-0.66
3.064e-03,-0.9,-1.02
3.096e-03,-0.74,-0.64
3.128e-03,-1,-1.04
3.160e-03,-0.84,-0.7
3.192e-03,-0.9,-0.98
3.224e-03,-0.84,-0.62
3.256e-03,-0.8,-1.08
3.288e-03,-0.8,-0.62
3.320e-03,-0.96,-1.02
3.352e-03,-0.78,-0.64
3.384e-03,-0.82,-1.02
3.416e-03,-0.8,-0.68
3.448e-03,-0.84,-0.96
3.480e-03,-0.64,-0.56
3.512e-03,-0.9,-1.04
3.544e-03,-0.84,-0.64
3.576e-03,-0.9,-1.02
3.608e-03,-0.82,-0.68
3.640e-03,-0.72,-0.98
3.672e-03,-0.82,-0.58
3.704e-03,-0.82,-1
3.736e-03,-0.84,-0.64
3.768e-03,-0.82,-1.04
3.800e-03,-0.9,-0.64
3.832e-03,-0.72,-1.02
3.864e-03,-0.74,-0.6
3.896e-03,-0.74,-0.98
3.928e-03,-0.74,-0.66
3.960e-03,-0.86,-1.04
3.992e-03,-0.9,-0.66
4.024e-03,-0.88,-1.04
4.056e-03,-0.74,-0.64
4.088e-03,-0.8,-1.02
4.120e-03,-0.82,-0.68
4.152e-03,-0.76,-0.96
4.184e-03,-0.74,-0.64
4.216e-03,-0.82,-1
4.248e-03,-0.88,-0.7
4.280e-03,-0.86,-0.98
4.312e-03,-0.68,-0.56
4.344e-03,-0.76,-0.94
4.376e-03,-0.84,-0.66
4.408e-03,-0.8,-0.98
4.440e-03,-0.88,-0.64
4.472e-03,-0.78,-1.02
4.504e-03,-0.86,-0.6
4.536e-03,-0.86,-1.04
4.568e-03,-0.78,-0.66
4.600e-03,-0.92,-1.02
4.632e-03,-0.76,-0.66
4.664e-03,-0.88,-1.02
4.696e-03,-0.82,-0.64
4.728e-03,-0.96,-1.02
4.760e-03,-1,-0.64
4.792e-03,-0.82,-1.04
4.824e-03,-0.98,-0.66
4.856e-03,-0.9,-0.98
4.888e-03,-0.94,-0.66
4.920e-03,-0.8,-1.04
4.952e-03,-0.92,-0.68
4.984e-03,-0.84,-1.02
5.016e-03,-0.86,-0.68
5.048e-03,-0.92,-1
5.080e-03,-0.9,-0.68
5.112e-03,-0.86,-1.04
5.144e-03,-0.96,-0.62
5.176e-03,-0.84,-0.98
5.208e-03,-0.86,-0.64
5.240e-03,-0.86,-1.02
5.272e-03,-0.88,-0.7
5.304e-03,-0.84,-1
5.336e-03,-0.86,-0.68
5.368e-03,-0.88,-1.02
5.400e-03,-1,-0.64
5.432e-03,-0.8,-0.98
5.464e-03,-0.92,-0.6
5.496e-03,-0.76,-1.06
5.528e-03,-0.78,-0.58
5.560e-03,-0.86,-1.02
5.592e-03,-0.8,-0.62
5.624e-03,-0.9,-1.04
5.656e-03,-0.68,-0.64
5.688e-03,-0.92,-1.1
5.720e-03,-0.68,-0.58
5.752e-03,-0.76,-1
5.784e-03,-0.84,-0.68
5.816e-03,-0.86,-0.98
5.848e-03,-0.82,-0.7
5.880e-03,-0.84,-1.06
5.912e-03,-0.76,-0.62
5.944e-03,-0.84,-1.06
5.976e-03,-0.74,-0.66
6.008e-03,-0.8,-1.04
6.040e-03,-0.76,-0.7
6.072e-03,-0.94,-1.04
6.104e-03,-0.76,-0.58
6.136e-03,-0.8,-1.06
6.168e-03,-0.86,-0.72
6.200e-03,-0.76,-1.04
6.232e-03,-0.82,-0.64
6.264e-03,-0.92,-1.02
6.296e-03,-0.82,-0.64
6.328e-03,-0.92,-1.1
6.360e-03,-0.86,-0.7
6.392e-03,-0.84,-1.02
6.424e-03,-0.78,-0.68
6.456e-03,-0.88,-1.06
6.488e-03,-0.88,-0.72
6.520e-03,-0.88,-1.04
6.552e-03,-0.98,-0.66
6.584e-03,-0.88,-1
6.616e-03,-0.88,-0.66
6.648e-03,-0.92,-1.02
6.680e-03,-0.92,-0.72
6.712e-03,-1.02,-1.06
6.744e-03,-0.88,-0.68
6.776e-03,-0.88,-1
6.808e-03,-0.74,-0.56
6.840e-03,-0.96,-1.02
6.872e-03,-0.98,-0.6
6.904e-03,-0.88,-1.02
6.936e-03,-0.88,-0.64
6.968e-03,-0.88,-1.02
7.000e-03,-0.84,-0.66
7.032e-03,-0.92,-1.02
7.064e-03,-0.98,-0.64
7.096e-03,-0.98,-1.02
7.128e-03,-0.78,-0.64
7.160e-03,-0.84,-0.98
7.192e-03,-0.84,-0.66
7.224e-03,-0.92,-1
7.256e-03,-0.78,-0.64
7.288e-03,-0.76,-1.04
7.320e-03,-0.78,-0.66
7.352e-03,-1,-1.04
7.384e-03,-0.8,-0.6
7.416e-03,-0.86,-0.98
7.448e-03,-0.84,-0.64
7.480e-03,-0.84,-1
7.512e-03,-0.96,-0.6
7.544e-03,-0.68,-1
7.576e-03,-0.92,-0.6
7.608e-03,-0.8,-1.04
7.640e-03,-0.86,-0.7
7.672e-03,-0.72,-1.02
7.704e-03,-0.92,-0.66
7.736e-03,-0.76,-0.96
7.768e-03,-0.84,-0.64
7.800e-03,-0.76,-1.06
7.832e-03,-0.9,-0.68
7.864e-03,-0.8,-0.98
7.896e-03,-0.88,-0.7
7.928e-03,-0.74,-1.02
7.960e-03,-0.72,-0.68
7.992e-03,-0.9,-1.08
8.024e-03,-0.64,-0.62
8.056e-03,-0.78,-1.02
8.088e-03,-0.72,-0.68
8.120e-03,-0.84,-1
8.152e-03,-0.86,-0.68
8.184e-03,-0.74,-0.98
8.216e-03,-0.9,-0.64
8.248e-03,-0.82,-1.1
8.280e-03,-0.78,-0.66
8.312e-03,-0.76,-1.02
8.344e-03,-0.74,-0.68
8.376e-03,-0.84,-0.98
8.408e-03,-0.74,-0.6
8.440e-03,-0.74,-0.96
8.472e-03,-0.86,-0.62
8.504e-03,-0.82,-1.08
8.536e-03,-0.88,-0.68
8.568e-03,-0.84,-0.92
8.600e-03,-0.7,-0.62
8.632e-03,-0.74,-0.96
8.664e-03,-0.72,-0.6
8.696e-03,-0.92,-1.02
8.728e-03,-0.94,-0.64
8.760e-03,-0.8,-0.92
8.792e-03,-0.68,-0.56
8.824e-03,-0.88,-1.08
8.856e-03,-0.8,-0.58
8.888e-03,-0.96,-1.02
8.920e-03,-0.82,-0.7
8.952e-03,-0.82,-1.04
8.984e-03,-0.84,-0.72
9.016e-03,-0.92,-1
9.048e-03,-0.8,-0.64
9.080e-03,-0.92,-1
9.112e-03,-0.92,-0.62
9.144e-03,-0.92,-0.96
9.176e-03,-0.78,-0.58
9.208e-03,-0.82,-1.04
9.240e-03,-0.84,-0.62
9.272e-03,-0.82,-1.06
9.304e-03,-1.02,-0.58
9.336e-03,-0.88,-1
9.368e-03,-0.8,-0.72
9.400e-03,-0.84,-0.94
9.432e-03,-0.74,-0.54
9.464e-03,-0.72,-1.02
9.496e-03,-0.8,-0.66
9.528e-03,-0.88,-1
9.560e-03,-0.78,-0.62
9.592e-03,-0.76,-1.04
9.624e-03,-0.76,-0.68
9.656e-03,-0.76,-1.02
9.688e-03,-0.82,-0.66
9.720e-03,-0.84,-1
9.752e-03,-0.8,-0.62
9.784e-03,-0.82,-1.04
9.816e-03,-0.88,-0.62
9.848e-03,-0.84,-0.96
9.880e-03,-0.82,-0.66
9.912e-03,-0.74,-0.98
9.944e-03,-0.86,-0.64
9.976e-03,-0.86,-0.98
1.001e-02,-0.76,-0.7
1.004e-02,-0.88,-1.1
1.007e-02,-0.82,-0.64
1.010e-02,-0.78,-1.02
1.014e-02,-0.76,-0.66
1.017e-02,-0.82,-1.02
1.020e-02,-0.88,-0.64
1.023e-02,-0.88,-1.04
1.026e-02,-0.84,-0.72
1.030e-02,-0.82,-1.02
1.033e-02,-0.86,-0.72
1.036e-02,-0.84,-1.04
1.039e-02,-0.92,-0.6
1.042e-02,-0.88,-1.06
1.046e-02,-0.8,-0.62
1.049e-02,-1,-1.1
1.052e-02,-0.88,-0.68
1.055e-02,-0.82,-1
1.058e-02,-0.82,-0.64
1.062e-02,-0.82,-0.96
1.065e-02,-0.72,-0.62
1.068e-02,-0.9,-1.04
1.071e-02,-0.96,-0.66
1.074e-02,-0.82,-1
1.078e-02,-0.88,-0.64
1.081e-02,-0.96,-1.02
1.084e-02,-0.96,-0.6
1.087e-02,-0.74,-1.02
1.090e-02,-0.86,-0.62
1.094e-02,-0.82,-1.02
1.097e-02,-0.88,-0.64
1.100e-02,-0.88,-0.96
1.103e-02,-0.82,-0.64
1.106e-02,-0.68,-1.04
1.110e-02,-0.74,-0.58
1.113e-02,-0.84,-1
1.116e-02,-0.88,-0.66
1.119e-02,-0.88,-1.06
1.122e-02,-0.92,-0.64
1.126e-02,-0.88,-0.96
1.129e-02,-0.7,-0.64
1.132e-02,-0.82,-1.08
1.135e-02,-0.96,-0.58
1.138e-02,-0.74,-1
1.142e-02,-0.92,-0.54
1.145e-02,-0.9,-1.02
1.148e-02,-0.88,-0.68
1.151e-02,-0.84,-1.06
1.154e-02,-0.76,-0.54
1.158e-02,-0.84,-0.98
1.161e-02,-0.66,-0.52
1.164e-02,-0.84,-1.04
1.167e-02,-0.76,-0.64
1.170e-02,-0.78,-0.96
1.174e-02,-0.7,-0.66
1.177e-02,-0.9,-1.02
1.180e-02,-0.64,-0.58
1.183e-02,-0.82,-1
1.186e-02,-0.78,-0.62
1.190e-02,-0.86,-1.02
1.193e-02,-0.74,-0.66
1.196e-02,-0.88,-1.04
1.199e-02,-0.74,-0.68
1.202e-02,-0.8,-1.02
1.206e-02,-0.82,-0.7
1.209e-02,-0.88,-0.96
1.212e-02,-0.8,-0.68
1.215e-02,-0.78,-1
1.218e-02,-0.84,-0.64
1.222e-02,-0.82,-1.02
1.225e-02,-0.88,-0.68
1.228e-02,-0.88,-1.04
1.231e-02,-0.76,-0.66
1.234e-02,-0.84,-1.06
1.238e-02,-0.9,-0.58
1.241e-02,-0.84,-1.04
1.244e-02,-0.98,-0.64
1.247e-02,-0.88,-1.04
1.250e-02,-1,-0.64
1.254e-02,-0.8,-0.92
1.257e-02,-0.82,-0.62
1.260e-02,-0.86,-1
1.263e-02,-0.9,-0.66
1.266e-02,-0.8,-0.98
1.270e-02,-0.76,-0.66
1.273e-02,-0.8,-1.02
1.276e-02,-0.92,-0.62
1.279e-02,-0.74,-1.02
1.282e-02,-0.9,-0.66
1.286e-02,-0.92,-0.98
1.289e-02,-0.94,-0.68
1.292e-02,-0.92,-1.04
1.295e-02,-0.8,-0.62
1.298e-02,-0.82,-1
1.302e-02,-0.78,-0.58
1.305e-02,-0.88,-0.98
1.308e-02,-0.74,-0.6
1.311e-02,-0.84,-1.02
1.314e-02,-0.84,-0.62
1.318e-02,-1,-1.04
1.321e-02,-0.92,-0.64
1.324e-02,-0.74,-0.96
1.327e-02,-0.92,-0.66
1.330e-02,-0.94,-1.04
1.334e-02,-0.86,-0.68
1.337e-02,-0.82,-1.02
1.340e-02,-0.88,-0.62
1.343e-02,-0.9,-1.04
1.346e-02,-0.9,-0.66
1.350e-02,-0.76,-1.04
1.353e-02,-0.88,-0.6
1.356e-02,-0.84,-1.02
1.359e-02,-0.9,-0.68
1.362e-02,-0.92,-1.04
1.366e-02,-0.8,-0.7
1.369e-02,-0.88,-1.02
1.372e-02,-0.76,-0.64
1.375e-02,-0.82,-1.06
1.378e-02,-0.7,-0.66
1.382e-02,-0.76,-1.02
1.385e-02,-0.82,-0.7
1.388e-02,-0.9,-1.06
1.391e-02,-0.84,-0.58
1.394e-02,-0.88,-1.04
1.398e-02,-0.82,-0.7
1.401e-02,-0.7,-1.06
1.404e-02,-0.82,-0.6
1.407e-02,-0.82,-1
1.410e-02,-0.82,-0.68
1.414e-02,-0.8,-1.02
1.417e-02,-0.84,-0.62
1.420e-02,-0.8,-1.02
1.423e-02,-0.96,-0.7
1.426e-02,-0.78,-1.08
1.430e-02,-0.86,-0.68
1.433e-02,-0.86,-1.04
1.436e-02,-0.88,-0.7
1.439e-02,-0.8,-1
1.442e-02,-0.9,-0.68
1.446e-02,-0.78,-0.94
1.449e-02,-0.84,-0.66
1.452e-02,-0.88,-1
1.455e-02,-0.76,-0.66
1.458e-02,-0.9,-1.02
1.462e-02,-0.86,-0.62
1.465e-02,-0.84,-1
1.468e-02,-0.92,-0.62
1.471e-02,-0.84,-1.04
1.474e-02,-0.88,-0.64
1.478e-02,-0.86,-1.08
1.481e-02,-1,-0.7
1.484e-02,-0.92,-1.02
1.487e-02,-0.92,-0.7
1.490e-02,-0.86,-1
1.494e-02,-0.84,-0.66
1.497e-02,-0.92,-1
1.500e-02,-0.96,-0.66
1.503e-02,-0.76,-1.02
1.506e-02,-0.88,-0.66
1.510e-02,-0.84,-1.02
1.513e-02,-0.84,-0.66
1.516e-02,-0.82,-0.98
1.519e-02,-0.8,-0.66
1.522e-02,-0.96,-1.04
1.526e-02,-0.8,-0.62
1.529e-02,-0.98,-1.06
1.532e-02,-0.82,-0.66
1.535e-02,-0.84,-0.94
1.538e-02,-0.82,-0.58
1.542e-02,-0.78,-1.06
1.545e-02,-0.92,-0.64
1.548e-02,-0.8,-1.02
1.551e-02,-0.94,-0.64
1.554e-02,-0.82,-1.02
1.558e-02,-0.76,-0.6
1.561e-02,-0.8,-1.04
1.564e-02,-0.84,-0.7
1.567e-02,-0.86,-1
1.570e-02,-0.72,-0.66
1.574e-02,-0.78,-1
1.577e-02,-0.82,-0.7
1.580e-02,-0.72,-1.04
1.583e-02,-0.86,-0.68
1.586e-02,-0.8,-0.98
1.590e-02,-0.82,-0.7
1.593e-02,-0.84,-1
1.596e-02,-0.8,-0.74
1.599e-02,-0.74,-0.94
1.602e-02,-0.78,-0.62
1.606e-02,-0.86,-1
1.609e-02,-0.76,-0.72
1.612e-02,-0.78,-1.04
1.615e-02,-0.76,-0.64
1.618e-02,-0.84,-0.98
1.622e-02,-0.8,-0.64
1.625e-02,-0.76,-1
1.628e-02,-0.9,-0.68
1.631e-02,-0.86,-0.96
1.634e-02,-0.82,-0.6
1.638e-02,-0.72,-1.02
1.641e-02,-0.9,-0.64
1.644e-02,-0.84,-1.04
1.647e-02,-0.86,-0.7
1.650e-02,-0.84,-0.98
1.654e-02,-0.76,-0.66
1.657e-02,-0.76,-1.08
1.660e-02,-0.92,-0.68
1.663e-02,-0.84,-1
1.666e-02,-0.84,-0.64
1.670e-02,-0.78,-0.98
1.673e-02,-0.9,-0.64
1.676e-02,-0.84,-1.02
1.679e-02,-0.84,-0.52
1.682e-02,-0.92,-1.06
1.686e-02,-0.78,-0.6
1.689e-02,-0.98,-1.02
1.692e-02,-0.96,-0.68
1.695e-02,-0.88,-1.12
1.698e-02,-0.84,-0.64
1.702e-02,-0.8,-1.04
1.705e-02,-0.8,-0.62
1.708e-02,-0.82,-1.02
1.711e-02,-0.92,-0.7
1.714e-02,-0.8,-0.98
1.718e-02,-0.68,-0.62
1.721e-02,-0.8,-1.02
1.724e-02,-0.9,-0.68
1.727e-02,-0.86,-1.06
1.730e-02,-1,-0.6
1.734e-02,-0.7,-1
1.737e-02,-0.88,-0.62
1.740e-02,-0.86,-1.02
1.743e-02,-0.84,-0.66
1.746e-02,-0.8,-1
1.750e-02,-0.84,-0.64
1.753e-02,-0.92,-1.08
1.756e-02,-0.84,-0.68
1.759e-02,-0.94,-1.06
1.762e-02,-0.76,-0.68
1.766e-02,-0.82,-1.02
1.769e-02,-0.88,-0.64
1.772e-02,-0.84,-1
1.775e-02,-0.72,-0.64
1.778e-02,-0.72,-0.98
1.782e-02,-0.7,-0.64
1.785e-02,-0.76,-1
1.788e-02,-0.86,-0.56
1.791e-02,-0.82,-0.98
1.794e-02,-0.9,-0.64
1.798e-02,-0.68,-0.98
1.801e-02,-0.82,-0.6
1.804e-02,-0.86,-1
1.807e-02,-0.76,-0.68
1.810e-02,-0.82,-1
1.814e-02,-0.72,-0.66
1.817e-02,-0.86,-1.06
1.820e-02,-0.84,-0.6
1.823e-02,-0.78,-0.94
1.826e-02,-0.74,-0.64
1.830e-02,-0.86,-1
1.833e-02,-0.86,-0.68
1.836e-02,-0.88,-1.02
1.839e-02,-0.8,-0.66
1.842e-02,-0.86,-1.02
1.846e-02,-0.92,-0.68
1.849e-02,-0.8,-1
1.852e-02,-0.84,-0.62
1.855e-02,-0.72,-0.98
1.858e-02,-0.86,-0.62
1.862e-02,-0.74,-1.02
1.865e-02,-0.84,-0.66
1.868e-02,-0.9,-1.02
1.871e-02,-0.88,-0.62
1.874e-02,-0.92,-1.02
1.878e-02,-0.9,-0.66
1.881e-02,-0.88,-1.02
1.884e-02,-0.86,-0.62
1.887e-02,-0.94,-1.02
1.890e-02,-0.8,-0.66
1.894e-02,-0.9,-1.12
1.897e-02,-0.98,-0.62
1.900e-02,-0.82,-1.02
1.903e-02,-0.88,-0.64
1.906e-02,-0.78,-1.06
1.910e-02,-0.88,-0.7
1.913e-02,-0.86,-1
1.916e-02,-0.84,-0.7
1.919e-02,-0.78,-1.02
1.922e-02,-0.88,-0.62
1.926e-02,-0.76,-1.04
1.929e-02,-0.88,-0.66
1.932e-02,-0.82,-0.98
1.935e-02,-0.9,-0.58
1.938e-02,-0.8,-1.04
1.942e-02,-0.8,-0.64
1.945e-02,-0.82,-1.04
1.948e-02,-0.8,-0.66
1.951e-02,-0.78,-1.04
1.954e-02,-0.94,-0.66
1.958e-02,-0.74,-1.06
1.961e-02,-0.96,-0.66
1.964e-02,-0.68,-0.98
1.967e-02,-0.86,-0.62
1.970e-02,-0.78,-0.98
1.974e-02,-0.8,-0.7
1.977e-02,-0.88,-1
1.980e-02,-0.84,-0.68
1.983e-02,-0.78,-1
1.986e-02,-0.88,-0.68
1.990e-02,-0.74,-1.06
1.993e-02,-0.8,-0.6
1.996e-02,-0.86,-0.98
1.999e-02,-0.68,-0.62
2.002e-02,-0.8,-0.98
2.006e-02,-0.84,-0.58
2.009e-02,-0.92,-1.12
2.012e-02,-0.68,-0.66
2.015e-02,-0.78,-1
2.018e-02,-0.74,-0.66
2.022e-02,-0.9,-1.02
2.025e-02,-0.84,-0.7
2.028e-02,-0.86,-1.02
2.031e-02,-0.96,-0.7
2.034e-02,-0.86,-1.02
2.038e-02,-0.76,-0.62
2.041e-02,-0.88,-1.02
2.044e-02,-0.88,-0.68
2.047e-02,-0.8,-0.96
2.050e-02,-0.88,-0.62
2.054e-02,-0.86,-1.02
2.057e-02,-0.76,-0.64
2.060e-02,-0.92,-1.1
2.063e-02,-1.04,-0.6
2.066e-02,-0.84,-1.02
2.070e-02,-0.82,-0.54
2.073e-02,-0.82,-1.04
2.076e-02,-0.88,-0.66
2.079e-02,-1.02,-1.04
2.082e-02,-0.88,-0.5
2.086e-02,-0.82,-0.94
2.089e-02,-0.9,-0.54
2.092e-02,-0.78,-0.98
2.095e-02,-0.86,-0.66
2.098e-02,-0.96,-1.06
2.102e-02,-0.9,-0.64
2.105e-02,-0.94,-1.04
2.108e-02,-0.82,-0.66
2.111e-02,-0.84,-1.02
2.114e-02,-0.76,-0.58
2.118e-02,-0.86,-1.08
2.121e-02,-0.84,-0.68
2.124e-02,-0.94,-1.06
2.127e-02,-0.76,-0.62
2.130e-02,-0.72,-0.94
2.134e-02,-0.84,-0.62
2.137e-02,-0.76,-1.04
2.140e-02,-0.72,-0.68
2.143e-02,-0.82,-0.96
2.146e-02,-0.8,-0.58
2.150e-02,-0.86,-1.04
2.153e-02,-0.88,-0.64
2.156e-02,-0.76,-0.94
2.159e-02,-0.82,-0.66
2.162e-02,-0.86,-1.02
2.166e-02,-0.84,-0.66
2.169e-02,-0.84,-1.02
2.172e-02,-0.88,-0.68
2.175e-02,-0.68,-1.02
2.178e-02,-0.86,-0.66
2.182e-02,-0.8,-1.04
2.185e-02,-0.92,-0.64
2.188e-02,-0.72,-1.04
2.191e-02,-0.76,-0.68
2.194e-02,-0.78,-0.98
2.198e-02,-0.82,-0.68
2.201e-02,-0.7,-1
2.204e-02,-0.82,-0.66
2.207e-02,-0.88,-1.06
2.210e-02,-0.92,-0.56
2.214e-02,-0.8,-1.08
2.217e-02,-1.02,-0.64
2.220e-02,-0.78,-1
2.223e-02,-0.78,-0.66
2.226e-02,-0.8,-0.96
2.230e-02,-0.88,-0.6
2.233e-02,-0.88,-1.06
2.236e-02,-0.78,-0.66
2.239e-02,-0.88,-1.06
2.242e-02,-1.02,-0.64
2.246e-02,-0.92,-1.06
2.249e-02,-0.88,-0.6
2.252e-02,-0.92,-1
2.255e-02,-0.8,-0.62
2.258e-02,-0.9,-1.04
2.262e-02,-0.96,-0.64
2.265e-02,-0.86,-1.02
2.268e-02,-0.96,-0.72
2.271e-02,-0.88,-1
2.274e-02,-0.92,-0.7
2.278e-02,-0.92,-0.96
2.281e-02,-0.86,-0.52
2.284e-02,-0.86,-0.98
2.287e-02,-0.92,-0.62
2.290e-02,-0.9,-1.04
2.294e-02,-0.86,-0.66
2.297e-02,-0.78,-1.04
2.300e-02,-0.82,-0.64
2.303e-02,-0.86,-1.04
2.306e-02,-0.92,-0.7
2.310e-02,-0.74,-1.06
2.313e-02,-0.98,-0.62
2.316e-02,-0.76,-1.06
2.319e-02,-0.86,-0.68
2.322e-02,-0.9,-0.98
2.326e-02,-0.72,-0.66
2.329e-02,-0.88,-1.08
2.332e-02,-0.8,-0.62
2.335e-02,-0.86,-1.06
2.338e-02,-0.72,-0.64
2.342e-02,-0.9,-1.06
2.345e-02,-0.78,-0.62
2.348e-02,-0.8,-1.06
2.351e-02,-0.9,-0.66
2.354e-02,-0.7,-1.02
2.358e-02,-0.76,-0.66
2.361e-02,-0.8,-2.92
2.364e-02,-2.92,0.08
2.367e-02,-0.14,-0.48
2.370e-02,-0.32,-0.02
2.374e-02,-0.38,-0.52
2.377e-02,-0.22,-0.1
2.380e-02,-0.24,-0.54
2.383e-02,-0.26,-0.08
2.386e-02,-0.38,-0.48
2.390e-02,-0.24,-0.22
2.393e-02,-0.38,-0.58
2.396e-02,-0.48,-0.18
2.399e-02,-0.3,-0.58
2.402e-02,-0.48,-0.16
2.406e-02,-0.48,-0.64
2.409e-02,-0.52,-0.3
2.412e-02,-0.42,-0.68
2.415e-02,-0.48,-0.32
2.418e-02,-0.54,-0.7
2.422e-02,-0.58,-0.36
2.425e-02,-0.62,-0.74
2.428e-02,-0.66,-0.44
2.431e-02,-0.56,-0.8
2.434e-02,-0.66,-0.48
2.438e-02,-0.6,-0.82
2.441e-02,-0.74,-0.4
2.444e-02,-0.54,-0.94
2.447e-02,-0.66,-0.42
2.450e-02,-0.7,-0.82
2.454e-02,-0.72,-0.5
2.457e-02,-0.82,-0.86
2.460e-02,-0.66,-0.5
2.463e-02,-0.66,-0.92
2.466e-02,-0.76,-0.48
2.470e-02,-0.82,-0.96
2.473e-02,-0.82,-0.54
2.476e-02,-0.9,-0.98
2.479e-02,-0.7,-0.54
2.482e-02,-0.78,-0.98
2.486e-02,-0.9,-0.62
2.489e-02,-0.84,-0.98
2.492e-02,-0.92,-0.66
2.495e-02,-0.86,-0.9
2.498e-02,-0.82,-0.62
2.502e-02,-0.8,-0.98
2.505e-02,-0.9,-0.66
2.508e-02,-0.82,-0.94
2.511e-02,-0.74,-0.6
2.514e-02,-0.8,-1.02
2.518e-02,-0.86,-0.68
2.521e-02,-0.88,-1.02
2.524e-02,-0.86,-0.62
2.527e-02,-0.78,-1.06
2.530e-02,-0.96,-0.62
2.534e-02,-0.82,-0.98
2.537e-02,-0.8,-0.7
2.540e-02,-0.86,-1.02
2.543e-02,-0.78,-0.72
2.546e-02,-0.86,-1.06
2.550e-02,-0.9,-0.7
2.553e-02,-0.86,-1.04
2.556e-02,-0.78,-0.66
2.559e-02,-0.92,-1.04
2.562e-02,-0.84,-0.7
2.566e-02,-0.8,-1
2.569e-02,-0.78,-0.66
2.572e-02,-0.84,-1.06
2.575e-02,-0.94,-0.68
2.578e-02,-0.78,-1
2.582e-02,-0.82,-0.66
2.585e-02,-0.72,-1.06
2.588e-02,-0.9,-0.68
2.591e-02,-0.74,-1.06
2.594e-02,-0.88,-0.64
2.598e-02,-0.82,-1
2.601e-02,-0.84,-0.66
2.604e-02,-0.86,-1.08
2.607e-02,-0.98,-0.7
2.610e-02,-0.86,-1
2.614e-02,-0.86,-0.64
2.617e-02,-0.78,-1.04
2.620e-02,-1,-0.66
2.623e-02,-0.84,-1.04
2.626e-02,-0.88,-0.66
2.630e-02,-0.8,-1.1
2.633e-02,-0.78,-0.7
2.636e-02,-0.92,-1.14
2.639e-02,-0.96,-0.76
2.642e-02,-0.88,-1.06
2.646e-02,-0.88,-0.6
2.649e-02,-0.92,-1.06
2.652e-02,-0.94,-0.7
2.655e-02,-0.98,-1.14
2.658e-02,-1.12,-0.66
2.662e-02,-0.9,-1
2.665e-02,-0.82,-0.68
2.668e-02,-0.88,-1.08
2.671e-02,-0.98,-0.72
2.674e-02,-0.76,-1.06
2.678e-02,-1,-0.66
2.681e-02,-0.92,-1.1
2.684e-02,-0.9,-0.72
2.687e-02,-0.78,-1
2.690e-02,-0.82,-0.6
2.694e-02,-0.94,-1.06
2.697e-02,-0.9,-0.66
2.700e-02,-0.96,-1.06
2.703e-02,-0.94,-0.76
2.706e-02,-0.94,-1.08
2.710e-02,-0.9,-0.66
2.713e-02,-0.7,-1.1
2.716e-02,-0.86,-0.64
2.719e-02,-0.94,-1.04
2.722e-02,-0.96,-0.72
2.726e-02,-0.86,-1.04
2.729e-02,-0.8,-0.64
2.732e-02,-0.94,-1.04
2.735e-02,-0.84,-0.66
2.738e-02,-0.8,-0.98
2.742e-02,-0.76,-0.66
2.745e-02,-0.76,-1.04
2.748e-02,-0.8,-0.66
2.751e-02,-0.92,-1.02
2.754e-02,-0.82,-0.68
2.758e-02,-0.82,-1.04
2.761e-02,-0.78,-0.7
2.764e-02,-0.76,-1.1
2.767e-02,-0.78,-0.72
2.770e-02,-0.82,-1.08
2.774e-02,-0.96,-0.66
2.777e-02,-0.68,-1
2.780e-02,-0.82,-0.62
2.783e-02,-0.9,-1
2.786e-02,-0.84,-0.68
2.790e-02,-0.84,-0.96
2.793e-02,-0.68,-0.64
2.796e-02,-0.84,-1.02
2.799e-02,-0.9,-0.68
2.802e-02,-0.72,-1.04
2.806e-02,-0.8,-0.66
2.809e-02,-0.84,-1.1
2.812e-02,-0.78,-0.7
2.815e-02,-0.88,-1.02
2.818e-02,-0.94,-0.66
2.822e-02,-0.84,-1.04
2.825e-02,-0.88,-0.66
2.828e-02,-0.92,-1.02
2.831e-02,-0.96,-0.66
2.834e-02,-0.78,-1
2.838e-02,-0.86,-0.66
2.841e-02,-0.86,-1.04
2.844e-02,-0.84,-0.66
2.847e-02,-0.9,-1
2.850e-02,-0.86,-0.68
2.854e-02,-0.84,-1.08
2.857e-02,-0.82,-0.66
2.860e-02,-0.94,-1.04
2.863e-02,-0.84,-0.66
2.866e-02,-0.82,-0.98
2.870e-02,-0.82,-0.64
2.873e-02,-0.86,-1.08
2.876e-02,-0.82,-0.68
2.879e-02,-0.82,-1
2.882e-02,-0.92,-0.64
2.886e-02,-0.84,-1
2.889e-02,-0.86,-0.6
2.892e-02,-0.9,-1.04
2.895e-02,-0.84,-0.66
2.898e-02,-0.76,-1.08
2.902e-02,-0.98,-0.68
2.905e-02,-0.9,-1.06
2.908e-02,-0.8,-0.68
2.911e-02,-0.84,-1
2.914e-02,-0.82,-0.66
2.918e-02,-0.86,-1
2.921e-02,-0.9,-0.7
2.924e-02,-0.82,-1.02
2.927e-02,-0.8,-0.68
2.930e-02,-0.82,-1
2.934e-02,-0.84,-0.64
2.937e-02,-0.88,-1.04
2.940e-02,-0.92,-0.62
2.943e-02,-0.76,-0.98
2.946e-02,-0.84,-0.68
2.950e-02,-0.86,-1.14
2.953e-02,-0.82,-0.76
2.956e-02,-0.78,-1.04
2.959e-02,-0.84,-0.68
2.962e-02,-0.84,-1.02
2.966e-02,-0.9,-0.74
2.969e-02,-0.88,-1.1
2.972e-02,-0.8,-0.66
2.975e-02,-0.84,-1.02
2.978e-02,-0.74,-0.68
2.982e-02,-0.8,-0.98
2.985e-02,-0.78,-0.68
2.988e-02,-0.74,-1.04
2.991e-02,-0.86,-0.68
2.994e-02,-0.76,-1.02
2.998e-02,-0.9,-0.68
3.001e-02,-0.92,-1.04
3.004e-02,-0.82,-0.64
3.007e-02,-0.82,-1.02
3.010e-02,-0.86,-0.66
3.014e-02,-0.74,-1.06
3.017e-02,-1,-0.68
3.020e-02,-0.78,-1.02
3.023e-02,-0.96,-0.72
3.026e-02,-0.88,-1.1
3.030e-02,-1.02,-0.74
3.033e-02,-0.9,-1.04
3.036e-02,-0.88,-0.68
3.039e-02,-0.94,-1.02
3.042e-02,-0.94,-0.64
3.046e-02,-0.94,-1.06
3.049e-02,-0.92,-0.66
3.052e-02,-0.84,-1
3.055e-02,-0.84,-0.58
3.058e-02,-0.92,-1
3.062e-02,-0.9,-0.66
3.065e-02,-0.92,-1.04
3.068e-02,-0.8,-0.72
3.071e-02,-0.96,-1.04
3.074e-02,-0.82,-0.66
3.078e-02,-0.96,-1
3.081e-02,-0.86,-0.72
3.084e-02,-0.86,-1.06
3.087e-02,-0.92,-0.66
3.090e-02,-0.92,-1
3.094e-02,-0.84,-0.62
3.097e-02,-0.92,-1.02
3.100e-02,-0.92,-0.6
3.103e-02,-0.84,-1
3.106e-02,-0.84,-0.64
3.110e-02,-0.88,-1.02
3.113e-02,-0.9,-0.68
3.116e-02,-0.9,-1.06
3.119e-02,-0.84,-0.72
3.122e-02,-0.88,-0.98
3.126e-02,-0.82,-0.72
3.129e-02,-0.82,-1.1
3.132e-02,-0.88,-0.7
3.135e-02,-0.78,-1.08
3.138e-02,-0.92,-0.7
3.142e-02,-0.8,-1.04
3.145e-02,-0.8,-0.7
3.148e-02,-0.86,-1.06
3.151e-02,-0.88,-0.7
3.154e-02,-0.9,-1.02
3.158e-02,-0.88,-0.74
3.161e-02,-0.78,-1.06
3.164e-02,-0.84,-0.7
3.167e-02,-1.02,-1.12
3.170e-02,-0.82,-0.72
3.174e-02,-0.84,-1.04
3.177e-02,-0.9,-0.66
3.180e-02,-0.74,-1.06
3.183e-02,-0.86,-0.7
3.186e-02,-0.82,-1.08
3.190e-02,-0.92,-0.72
3.193e-02,-0.8,-1.04
3.196e-02,-0.8,-0.72
3.199e-02,-0.78,-1.04
3.202e-02,-0.84,-0.72
3.206e-02,-0.94,-1.02
3.209e-02,-0.92,-0.66
3.212e-02,-0.88,-1.06
3.215e-02,-0.88,-0.72
3.218e-02,-0.96,-1
3.222e-02,-0.86,-0.66
3.225e-02,-0.84,-0.98
3.228e-02,-0.9,-0.68
3.231e-02,-0.76,-1.04
3.234e-02,-0.78,-0.66
3.238e-02,-0.92,-1
3.241e-02,-0.82,-0.62
3.244e-02,-0.9,-1.04
3.247e-02,-0.84,-0.7
3.250e-02,-0.98,-1.04
3.254e-02,-0.9,-0.7
3.257e-02,-0.98,-1.04
3.260e-02,-0.92,-0.7
3.263e-02,-1.02,-1.06
3.266e-02,-0.72,-0.62
3.270e-02,-0.78,-1.06
3.273e-02,-1,-0.68
3.276e-02,-0.94,-1
3.279e-02,-0.92,-0.62
3.282e-02,-0.9,-1.04
3.286e-02,-0.84,-0.7
3.289e-02,-0.92,-0.98
3.292e-02,-0.78,-0.62
3.295e-02,-0.9,-1.1
3.298e-02,-0.84,-0.76
3.302e-02,-0.94,-1.04
3.305e-02,-0.86,-0.64
3.308e-02,-0.92,-1.06
3.311e-02,-0.9,-0.68
3.314e-02,-0.8,-1
3.318e-02,-0.82,-0.62
3.321e-02,-0.7,-1.02
3.324e-02,-0.8,-0.64
3.327e-02,-0.8,-1.02
3.330e-02,-0.86,-0.68
3.334e-02,-0.84,-1.04
3.337e-02,-0.72,-0.66
3.340e-02,-0.92,-1.02
3.343e-02,-0.72,-0.66
3.346e-02,-0.86,-1.04
3.350e-02,-0.82,-0.72
3.353e-02,-0.86,-0.98
3.356e-02,-0.78,-0.64
3.359e-02,-0.88,-1.06
3.362e-02,-0.84,-0.7
3.366e-02,-0.76,-1.04
3.369e-02,-0.92,-0.7
3.372e-02,-0.84,-1.02
3.375e-02,-0.84,-0.7
3.378e-02,-0.84,-1.02
3.382e-02,-0.82,-0.66
3.385e-02,-0.82,-1
3.388e-02,-0.82,-0.62
3.391e-02,-0.92,-1
3.394e-02,-0.84,-0.66
3.398e-02,-0.9,-1.06
3.401e-02,-0.84,-0.74
3.404e-02,-0.94,-1.04
3.407e-02,-0.82,-0.68
3.410e-02,-0.86,-1.02
3.414e-02,-0.94,-0.7
3.417e-02,-0.9,-1.06
3.420e-02,-0.92,-0.64
3.423e-02,-0.92,-1.04
3.426e-02,-0.86,-0.68
3.430e-02,-1,-1.04
3.433e-02,-0.82,-0.64
3.436e-02,-0.84,-1.02
3.439e-02,-0.84,-0.66
3.442e-02,-1,-1.04
3.446e-02,-0.82,-0.68
3.449e-02,-0.98,-1.08
3.452e-02,-0.86,-0.62
3.455e-02,-0.92,-1.04
3.458e-02,-0.92,-0.62
3.462e-02,-0.8,-1
3.465e-02,-0.8,-0.68
3.468e-02,-0.8,-1.12
3.471e-02,-1,-0.7
3.474e-02,-0.9,-1.04
3.478e-02,-0.88,-0.64
3.481e-02,-0.92,-0.96
3.484e-02,-0.76,-0.62
3.487e-02,-0.76,-1.06
3.490e-02,-0.84,-0.64
3.494e-02,-0.88,-1.1
3.497e-02,-1.02,-0.6
3.500e-02,-0.76,-1
3.503e-02,-0.92,-0.7
3.506e-02,-0.68,-1.08
3.510e-02,-0.78,-0.64
3.513e-02,-0.74,-1.06
3.516e-02,-0.7,-0.66
3.519e-02,-0.86,-0.98
3.522e-02,-0.76,-0.68
3.526e-02,-0.84,-1
3.529e-02,-0.8,-0.7
3.532e-02,-0.82,-1.02
3.535e-02,-0.88,-0.72
3.538e-02,-0.78,-1.06
3.542e-02,-0.92,-0.66
3.545e-02,-0.78,-1.12
3.548e-02,-0.84,-0.7
3.551e-02,-0.68,-1.08
3.554e-02,-0.82,-0.66
3.558e-02,-0.76,-1.04
3.561e-02,-0.88,-0.64
3.564e-02,-0.84,-1.1
3.567e-02,-0.84,-0.72
3.570e-02,-0.8,-1
3.574e-02,-0.86,-0.62
3.577e-02,-0.8,-1.04
3.580e-02,-0.78,-0.74
3.583e-02,-0.8,-1.04
3.586e-02,-0.74,-0.68
3.590e-02,-0.8,-0.96
3.593e-02,-0.8,-0.62
3.596e-02,-0.9,-1.14
3.599e-02,-1.04,-0.64
3.602e-02,-0.88,-1.08
3.606e-02,-0.9,-0.7
3.609e-02,-0.94,-1.06
3.612e-02,-0.9,-0.7
3.615e-02,-0.76,-1.02
3.618e-02,-0.82,-0.64
3.622e-02,-0.94,-1.06
3.625e-02,-0.96,-0.74
3.628e-02,-0.98,-1.04
3.631e-02,-0.88,-0.7
3.634e-02,-0.92,-0.98
3.638e-02,-0.8,-0.64
3.641e-02,-0.92,-1
3.644e-02,-0.92,-0.68
3.647e-02,-0.92,-1.08
3.650e-02,-0.86,-0.64
3.654e-02,-0.86,-0.98
3.657e-02,-0.82,-0.52
3.660e-02,-0.88,-1.04
3.663e-02,-0.96,-0.66
3.666e-02,-0.94,-1
3.670e-02,-0.86,-0.72
3.673e-02,-0.78,-1.12
3.676e-02,-0.8,-0.66
3.679e-02,-0.9,-1
3.682e-02,-0.84,-0.7
3.686e-02,-0.9,-1.04
3.689e-02,-0.8,-0.72
3.692e-02,-0.9,-1.04
3.695e-02,-0.92,-0.62
3.698e-02,-0.92,-0.98
3.702e-02,-0.76,-0.68
3.705e-02,-0.82,-1.02
3.708e-02,-0.88,-0.7
3.711e-02,-0.94,-1.06
3.714e-02,-0.9,-0.68
3.718e-02,-0.8,-0.98
3.721e-02,-0.8,-0.64
3.724e-02,-0.88,-1.04
3.727e-02,-0.82,-0.72
3.730e-02,-0.78,-1
3.734e-02,-0.82,-0.64
3.737e-02,-0.92,-1.02
3.740e-02,-0.9,-0.64
3.743e-02,-0.86,-1.1
3.746e-02,-0.78,-0.72
3.750e-02,-0.86,-1
3.753e-02,-0.84,-0.66
3.756e-02,-0.96,-1.08
3.759e-02,-0.76,-0.68
3.762e-02,-0.8,-1.08
3.766e-02,-0.84,-0.66
3.769e-02,-0.84,-1.02
3.772e-02,-0.86,-0.72
3.775e-02,-0.84,-1.06
3.778e-02,-0.88,-0.74
3.782e-02,-0.86,-1
3.785e-02,-0.88,-0.62
3.788e-02,-0.76,-1.14
3.791e-02,-0.78,-0.64
3.794e-02,-0.9,-1.1
3.798e-02,-0.92,-0.64
3.801e-02,-0.84,-1.02
3.804e-02,-0.82,-0.66
3.807e-02,-0.88,-1.04
3.810e-02,-0.9,-0.68
3.814e-02,-0.86,-1
3.817e-02,-0.86,-0.66
3.820e-02,-0.82,-1.02
3.823e-02,-0.82,-0.68
3.826e-02,-0.9,-1.02
3.830e-02,-0.9,-0.74
3.833e-02,-0.92,-1.02
3.836e-02,-0.9,-0.58
3.839e-02,-0.9,-1.06
3.842e-02,-0.88,-0.72
3.846e-02,-0.92,-1.02
3.849e-02,-0.9,-0.72
3.852e-02,-0.88,-1.04
3.855e-02,-0.8,-0.7
3.858e-02,-0.88,-1.08
3.862e-02,-0.88,-0.7
3.865e-02,-0.94,-1.06
3.868e-02,-0.84,-0.68
3.871e-02,-0.86,-1.04
3.874e-02,-0.84,-0.68
3.878e-02,-0.84,-1.04
3.881e-02,-0.98,-0.68
3.884e-02,-0.9,-1.1
3.887e-02,-0.86,-0.66
3.890e-02,-0.86,-1.08
3.894e-02,-0.8,-0.66
3.897e-02,-0.88,-1.06
3.900e-02,-0.86,-0.7
3.903e-02,-0.9,-1.02
3.906e-02,-0.7,-0.68
3.910e-02,-0.82,-1.06
3.913e-02,-0.8,-0.7
3.916e-02,-0.92,-1.08
3.919e-02,-0.94,-0.62
3.922e-02,-0.66,-1.06
3.926e-02,-0.9,-0.6
3.929e-02,-0.84,-1.06
3.932e-02,-0.82,-0.66
3.935e-02,-0.86,-1.02
3.938e-02,-0.84,-0.68
3.942e-02,-0.78,-1.04
3.945e-02,-0.86,-0.64
3.948e-02,-0.8,-1
3.951e-02,-0.74,-0.66
3.954e-02,-0.86,-1
3.958e-02,-0.82,-0.68
3.961e-02,-0.92,-1.02
3.964e-02,-0.8,-0.7
3.967e-02,-0.84,-1.1
3.970e-02,-0.96,-0.76
3.974e-02,-0.88,-1.1
3.977e-02,-0.96,-0.8
3.980e-02,-0.9,-1.06
3.983e-02,-0.76,-0.64
3.986e-02,-0.76,-1.04
3.990e-02,-0.92,-0.68
3.993e-02,-0.92,-1.02
3.996e-02,-0.82,-0.64
3.999e-02,-0.7,-1
4.002e-02,-0.82,-0.64
4.006e-02,-0.8,-1.1
4.009e-02,-0.94,-0.72
4.012e-02,-0.9,-1.1
4.015e-02,-0.94,-0.68
4.018e-02,-0.8,-1.06
4.022e-02,-0.88,-0.66
4.025e-02,-0.78,-1.08
4.028e-02,-0.94,-0.62
4.031e-02,-1.06,-1.1
4.034e-02,-0.82,-0.64
4.038e-02,-0.84,-1.04
4.041e-02,-0.94,-0.68
4.044e-02,-0.92,-1.04
4.047e-02,-0.86,-0.62
4.050e-02,-0.9,-0.98
4.054e-02,-0.92,-0.68
4.057e-02,-0.86,-1.16
4.060e-02,-0.96,-0.64
4.063e-02,-0.92,-1
4.066e-02,-0.76,-0.6
4.070e-02,-0.84,-1.02
4.073e-02,-0.88,-0.74
4.076e-02,-0.76,-1.04
4.079e-02,-0.9,-0.68
4.082e-02,-0.72,-0.94
4.086e-02,-0.86,-0.62
4.089e-02,-0.76,-1
4.092e-02,-0.82,-0.66
4.095e-02,-0.8,-1.02
4.098e-02,-0.82,-0.6
4.102e-02,-0.84,-1.06
4.105e-02,-0.92,-0.7
4.108e-02,-0.82,-1.02
4.111e-02,-0.8,-0.7
4.114e-02,-0.9,-1.02
4.118e-02,-0.8,-0.66
4.121e-02,-0.8,-1
4.124e-02,-0.84,-0.68
4.127e-02,-0.76,-1.06
4.130e-02,-0.9,-0.64
4.134e-02,-0.82,-0.96
4.137e-02,-0.86,-0.6
4.140e-02,-0.76,-1.06
4.143e-02,-0.84,-0.72
4.146e-02,-0.82,-0.98
4.150e-02,-0.7,-0.64
4.153e-02,-0.82,-1.02
4.156e-02,-0.84,-0.72
4.159e-02,-0.74,-1.06
4.162e-02,-0.92,-0.62
4.166e-02,-0.88,-1.06
4.169e-02,-0.9,-0.64
4.172e-02,-0.86,-1.02
4.175e-02,-0.9,-0.68
4.178e-02,-0.78,-1.04
4.182e-02,-0.84,-0.68
4.185e-02,-0.8,-1.1
4.188e-02,-0.96,-0.64
4.191e-02,-0.8,-1.06
4.194e-02,-0.92,-0.56
4.198e-02,-0.82,-1.08
4.201e-02,-0.72,-0.62
4.204e-02,-0.92,-1.04
4.207e-02,-0.88,-0.7
4.210e-02,-0.86,-1
4.214e-02,-0.78,-0.6
4.217e-02,-0.86,-1.02
4.220e-02,-0.84,-0.66
4.223e-02,-0.76,-1.04
4.226e-02,-1.02,-0.66
4.230e-02,-0.84,-0.98
4.233e-02,-0.84,-0.68
4.236e-02,-0.92,-1.14
4.239e-02,-0.94,-0.78
4.242e-02,-0.88,-1.08
4.246e-02,-1.02,-0.74
4.249e-02,-0.82,-1.08
4.252e-02,-0.9,-0.68
4.255e-02,-0.96,-1.02
4.258e-02,-0.88,-0.68
4.262e-02,-0.76,-0.96
4.265e-02,-0.92,-0.62
4.268e-02,-0.82,-1.08
4.271e-02,-0.74,-0.66
4.274e-02,-0.88,-1.02
4.278e-02,-0.76,-0.62
4.281e-02,-0.74,-1.14
4.284e-02,-0.78,-0.66
4.287e-02,-0.84,-1.06
4.290e-02,-0.84,-0.74
4.294e-02,-0.74,-1.06
4.297e-02,-0.84,-0.58
4.300e-02,-0.84,-1.08
4.303e-02,-0.82,-0.68
4.306e-02,-0.96,-1.02
4.310e-02,-0.78,-0.7
4.313e-02,-0.82,-1.02
4.316e-02,-0.9,-0.68
4.319e-02,-0.72,-1.06
4.322e-02,-0.88,-0.62
4.326e-02,-0.62,-1.14
4.329e-02,-0.96,-0.6
4.332e-02,-0.8,-1.02
4.335e-02,-0.76,-0.68
4.338e-02,-0.84,-1.06
4.342e-02,-0.78,-0.74
4.345e-02,-0.8,-1.06
4.348e-02,-0.8,-0.64
4.351e-02,-0.88,-1.08
4.354e-02,-0.86,-0.7
4.358e-02,-0.84,-1.08
4.361e-02,-0.64,-0.6
4.364e-02,-0.82,-1
4.367e-02,-0.82,-0.66
4.370e-02,-0.76,-1.06
4.374e-02,-1,-0.74
4.377e-02,-0.92,-1
4.380e-02,-0.78,-0.66
4.383e-02,-0.74,-0.96
4.386e-02,-0.9,-0.64
4.390e-02,-0.84,-1.1
4.393e-02,-0.76,-0.7
4.396e-02,-0.84,-1
4.399e-02,-0.86,-0.7
4.402e-02,-0.88,-1.04
4.406e-02,-0.84,-0.66
4.409e-02,-0.86,-1.06
4.412e-02,-0.94,-0.68
4.415e-02,-0.82,-1.06
4.418e-02,-0.78,-0.68
4.422e-02,-0.8,-1.08
4.425e-02,-0.74,-0.6
4.428e-02,-0.9,-1.1
4.431e-02,-0.82,-0.62
4.434e-02,-0.98,-1.04
4.438e-02,-0.92,-0.62
4.441e-02,-0.92,-0.96
4.444e-02,-0.86,-0.66
4.447e-02,-0.9,-1
4.450e-02,-0.8,-0.7
4.454e-02,-0.9,-1.12
4.457e-02,-0.84,-0.74
4.460e-02,-0.84,-1
4.463e-02,-0.8,-0.68
4.466e-02,-0.9,-1
4.470e-02,-0.9,-0.62
4.473e-02,-0.9,-1.02
4.476e-02,-0.8,-0.68
4.479e-02,-0.8,-1.02
4.482e-02,-0.88,-0.6
4.486e-02,-0.82,-1
4.489e-02,-0.94,-0.68
4.492e-02,-0.8,-1
4.495e-02,-0.86,-0.68
4.498e-02,-0.74,-1.02
4.502e-02,-0.82,-0.68
4.505e-02,-0.84,-1.08
4.508e-02,-0.86,-0.7
4.511e-02,-0.96,-1.06
4.514e-02,-0.82,-0.66
4.518e-02,-0.78,-1.04
4.521e-02,-0.74,-0.68
4.524e-02,-0.78,-1.04
4.527e-02,-0.94,-0.68
4.530e-02,-0.84,-1.02
4.534e-02,-0.84,-0.64
4.537e-02,-0.78,-1
4.540e-02,-0.82,-0.68
4.543e-02,-0.86,-1.08
4.546e-02,-0.92,-0.68
4.550e-02,-0.76,-1.1
4.553e-02,-0.9,-0.66
4.556e-02,-0.84,-1.04
4.559e-02,-0.88,-0.74
4.562e-02,-0.92,-1.04
4.566e-02,-0.88,-0.7
4.569e-02,-0.84,-1.1
4.572e-02,-0.88,-0.66
4.575e-02,-0.86,-1.06
4.578e-02,-0.78,-0.62
4.582e-02,-0.88,-1.02
4.585e-02,-0.8,-0.7
4.588e-02,-0.82,-1.02
4.591e-02,-0.88,-0.76
4.594e-02,-0.86,-1
4.598e-02,-0.82,-0.64
4.601e-02,-0.98,-1.04
4.604e-02,-0.84,-0.66
4.607e-02,-0.76,-1.1
4.610e-02,-0.92,-0.62
4.614e-02,-0.82,-1.02
4.617e-02,-1,-0.68
4.620e-02,-0.94,-1.06
4.623e-02,-0.84,-0.72
4.626e-02,-0.92,-1.04
4.630e-02,-0.94,-0.62
4.633e-02,-0.8,-1.08
4.636e-02,-0.94,-0.64
4.639e-02,-0.96,-1
4.642e-02,-0.84,-0.68
4.646e-02,-0.78,-1.08
4.649e-02,-0.94,-0.66
4.652e-02,-0.82,-1.02
4.655e-02,-0.94,-0.68
4.658e-02,-0.92,-1.1
4.662e-02,-0.8,-0.66
4.665e-02,-0.96,-1.06
4.668e-02,-0.88,-0.7
4.671e-02,-0.78,-1.04
4.674e-02,-0.76,-0.68
4.678e-02,-0.9,-1
4.681e-02,-0.8,-0.66
4.684e-02,-0.76,-1.02
4.687e-02,-0.9,-0.68
4.690e-02,-0.92,-1.02
4.694e-02,-0.8,-0.66
4.697e-02,-0.82,-1.04
4.700e-02,-0.86,-0.62
4.703e-02,-0.76,-1.08
4.706e-02,-0.92,-0.7
4.710e-02,-0.86,-1.1
4.713e-02,-0.88,-0.68
4.716e-02,-0.86,-1.04
4.719e-02,-0.84,-0.68
4.722e-02,-0.84,-1.14
4.726e-02,-0.86,-0.66
4.729e-02,-0.72,-1.04
4.732e-02,-0.72,-0.64
4.735e-02,-0.9,-1.06
4.738e-02,-0.9,-0.66
4.742e-02,-0.82,-1.04
4.745e-02,-0.78,-0.64
4.748e-02,-0.8,-1.02
4.751e-02,-0.68,-0.64
4.754e-02,-0.88,-1.04
4.758e-02,-0.82,-0.72
4.761e-02,-0.84,-1.04
4.764e-02,-0.74,-0.66
4.767e-02,-1.04,-1.12
4.770e-02,-0.86,-0.76
4.774e-02,-0.96,-1.02
4.777e-02,-0.8,-0.68
4.780e-02,-0.88,-1.04
4.783e-02,-0.82,-0.74
4.786e-02,-0.8,-1.06
4.790e-02,-0.94,-0.64
4.793e-02,-0.82,-1.02
4.796e-02,-0.94,-0.7
4.799e-02,-0.84,-1.06
4.802e-02,-0.94,-0.64
4.806e-02,-0.82,-1.02
4.809e-02,-0.76,-0.66
4.812e-02,-0.88,-1.02
4.815e-02,-1,-0.7
4.818e-02,-0.84,-1.06
4.822e-02,-0.84,-0.68
4.825e-02,-0.88,-1.06
4.828e-02,-1.02,-0.66
4.831e-02,-0.9,-1.04
4.834e-02,-0.92,-0.72
4.838e-02,-1.02,-1.06
4.841e-02,-0.92,-0.68
4.844e-02,-0.94,-1.1
4.847e-02,-0.9,-0.74
4.850e-02,-0.9,-1.1
4.854e-02,-0.88,-0.64
4.857e-02,-0.86,-1.18
4.860e-02,-0.88,-0.72
4.863e-02,-1.08,-1.14
4.866e-02,-0.96,-0.72
4.870e-02,-0.96,-1.06
4.873e-02,-0.94,-0.6
4.876e-02,-0.88,-1.06
4.879e-02,-0.76,-0.64
4.882e-02,-0.94,-1.04
4.886e-02,-0.96,-0.7
4.889e-02,-0.82,-1.08
4.892e-02,-0.82,-0.68
4.895e-02,-0.8,-1.04
4.898e-02,-0.78,-0.66
4.902e-02,-0.86,-1
4.905e-02,-0.68,-0.6
4.908e-02,-0.74,-0.98
4.911e-02,-0.8,-0.62
4.914e-02,-0.82,-1.04
4.918e-02,-0.82,-0.7
4.921e-02,-0.76,-1
4.924e-02,-0.88,-0.62
4.927e-02,-0.76,-1.06
4.930e-02,-0.86,-0.72
4.934e-02,-0.78,-1.06
4.937e-02,-0.86,-0.64
4.940e-02,-0.84,-0.96
4.943e-02,-0.64,-0.58
4.946e-02,-0.88,-1.08
4.950e-02,-0.9,-0.68
4.953e-02,-0.84,-1.02
4.956e-02,-0.88,-0.66
4.959e-02,-0.74,-1.06
4.962e-02,-0.86,-0.7
4.966e-02,-0.88,-1.1
4.969e-02,-0.98,-0.66
4.972e-02,-0.86,-1
4.975e-02,-0.74,-0.62
4.978e-02,-0.8,-1
4.982e-02,-0.88,-0.64
4.985e-02,-0.9,-1.02
4.988e-02,-0.9,-0.68
4.991e-02,-0.84,-1.04
4.994e-02,-0.94,-0.68
4.998e-02,-0.9,-1.02
5.001e-02,-0.9,-0.68
5.004e-02,-0.86,-1.04
5.007e-02,-0.84,-0.68
5.010e-02,-0.8,-1.02
5.014e-02,-0.94,-0.72
5.017e-02,-0.86,-1.04
5.020e-02,-0.88,-0.68
5.023e-02,-0.78,-1.02
5.026e-02,-0.8,-0.64
5.030e-02,-0.84,-0.98
5.033e-02,-0.82,-0.7
5.036e-02,-0.86,-1.02
5.039e-02,-0.84,-0.74
5.042e-02,-0.9,-1.1
5.046e-02,-0.88,-0.74
5.049e-02,-0.94,-1.04
5.052e-02,-0.96,-0.66
5.055e-02,-0.84,-1.06
5.058e-02,-0.9,-0.72
5.062e-02,-0.78,-1.04
5.065e-02,-0.88,-0.66
5.068e-02,-0.86,-1.02
5.071e-02,-0.76,-0.66
5.074e-02,-0.8,-1.02
5.078e-02,-0.88,-0.64
5.081e-02,-0.74,-1.08
5.084e-02,-0.76,-0.6
5.087e-02,-0.76,-1
5.090e-02,-0.78,-0.68
5.094e-02,-0.88,-1.02
5.097e-02,-0.82,-0.7
5.100e-02,-0.92,-1.08
5.103e-02,-0.82,-0.64
5.106e-02,-0.88,-1.1
5.110e-02,-0.84,-0.72
5.113e-02,-0.94,-1.12
5.116e-02,-0.8,-0.74
5.119e-02,-0.82,-1.02
5.122e-02,-0.8,-0.68
5.126e-02,-0.78,-1.06
5.129e-02,-0.86,-0.72
5.132e-02,-0.88,-1.02
5.135e-02,-0.8,-0.68
5.138e-02,-0.74,-1.08
5.142e-02,-0.76,-0.68
5.145e-02,-0.84,-1.02
5.148e-02,-0.94,-0.7
5.151e-02,-0.9,-1.06
5.154e-02,-0.94,-0.68
5.158e-02,-0.8,-0.98
5.161e-02,-0.8,-0.66
5.164e-02,-0.84,-0.98
5.167e-02,-0.82,-0.7
5.170e-02,-0.86,-1.02
5.174e-02,-0.78,-0.62
5.177e-02,-0.84,-1
5.180e-02,-0.9,-0.66
5.183e-02,-0.76,-1
5.186e-02,-0.84,-0.68
5.190e-02,-0.96,-1.1
5.193e-02,-0.86,-0.64
5.196e-02,-0.76,-1.06
5.199e-02,-0.84,-0.66
5.202e-02,-1.02,-1.06
5.206e-02,-0.96,-0.68
5.209e-02,-0.78,-1.04
5.212e-02,-0.86,-0.64
5.215e-02,-1.06,-1.12
5.218e-02,-0.88,-0.74
5.222e-02,-0.88,-1.04
5.225e-02,-0.8,-0.68
5.228e-02,-0.98,-1.06
5.231e-02,-1,-0.68
5.234e-02,-0.92,-1
5.238e-02,-0.9,-0.66
5.241e-02,-0.86,-1.06
5.244e-02,-0.82,-0.64
5.247e-02,-0.88,-1.06
5.250e-02,-0.82,-0.7
5.254e-02,-0.92,-1.02
5.257e-02,-0.82,-0.62
5.260e-02,-0.9,-1.08
5.263e-02,-0.84,-0.68
5.266e-02,-0.78,-1
5.270e-02,-0.88,-0.66
5.273e-02,-0.88,-1
5.276e-02,-0.8,-0.7
5.279e-02,-0.82,-1.02
5.282e-02,-0.86,-0.74
5.286e-02,-0.88,-1
5.289e-02,-0.7,-0.66
5.292e-02,-0.68,-1.06
5.295e-02,-0.8,-0.66
5.298e-02,-0.82,-1.1
5.302e-02,-0.82,-0.66
5.305e-02,-0.66,-1.06
5.308e-02,-0.82,-0.62
5.311e-02,-0.88,-1
5.314e-02,-0.78,-0.64
5.318e-02,-0.8,-1.06
5.321e-02,-0.68,-0.62
5.324e-02,-0.86,-1
5.327e-02,-0.66,-0.62
5.330e-02,-0.78,-1.06
5.334e-02,-0.86,-0.64
5.337e-02,-0.72,-1.04
5.340e-02,-0.98,-0.66
5.343e-02,-0.7,-1.06
5.346e-02,-0.8,-0.62
5.350e-02,-0.86,-1.04
5.353e-02,-0.78,-0.72
5.356e-02,-0.82,-1.06
5.359e-02,-0.8,-0.68
5.362e-02,-0.82,-1.04
5.366e-02,-0.92,-0.6
5.369e-02,-0.94,-1.02
5.372e-02,-0.8,-0.68
5.375e-02,-0.92,-1
5.378e-02,-0.84,-0.7
5.382e-02,-0.92,-0.98
5.385e-02,-0.88,-0.66
5.388e-02,-0.9,-1.08
5.391e-02,-0.96,-0.7
5.394e-02,-0.9,-1.04
5.398e-02,-0.82,-0.64
5.401e-02,-0.84,-1.04
5.404e-02,-0.86,-0.74
5.407e-02,-0.92,-1.02
5.410e-02,-0.88,-0.66
5.414e-02,-0.84,-1.02
5.417e-02,-0.84,-0.68
5.420e-02,-0.86,-1
5.423e-02,-0.94,-0.6
5.426e-02,-0.84,-1.14
5.430e-02,-0.92,-0.66
5.433e-02,-0.86,-1.08
5.436e-02,-0.8,-0.68
5.439e-02,-1,-1.04
5.442e-02,-0.78,-0.68
5.446e-02,-0.94,-1.04
5.449e-02,-0.82,-0.72
5.452e-02,-0.86,-1.06
5.455e-02,-0.94,-0.7
5.458e-02,-0.82,-0.96
5.462e-02,-0.86,-0.7
5.465e-02,-0.78,-1.04
5.468e-02,-0.8,-0.68
5.471e-02,-0.86,-1.04
5.474e-02,-0.8,-0.62
5.478e-02,-0.94,-1.08
5.481e-02,-0.88,-0.74
5.484e-02,-0.88,-1.1
5.487e-02,-0.8,-0.66
5.490e-02,-0.68,-1.02
5.494e-02,-0.76,-0.66
5.497e-02,-0.94,-1.04
5.500e-02,-0.92,-0.7
5.503e-02,-0.82,-1.1
5.506e-02,-0.82,-0.72
5.510e-02,-0.86,-1.02
5.513e-02,-0.94,-0.76
5.516e-02,-0.88,-1.02
5.519e-02,-0.8,-0.72
5.522e-02,-0.76,-1.1
5.526e-02,-0.66,-0.62
5.529e-02,-1,-1.1
5.532e-02,-0.84,-0.68
5.535e-02,-0.86,-1.02
5.538e-02,-0.92,-0.66
5.542e-02,-0.92,-1.08
5.545e-02,-0.88,-0.74
5.548e-02,-0.82,-1.1
5.551e-02,-0.94,-0.66
5.554e-02,-0.92,-1.06
5.558e-02,-1,-0.72
5.561e-02,-0.84,-1.02
5.564e-02,-0.9,-0.72
5.567e-02,-0.98,-1.08
5.570e-02,-0.88,-0.78
5.574e-02,-0.94,-1.08
5.577e-02,-0.88,-0.78
5.580e-02,-0.88,-1
5.583e-02,-0.98,-0.68
5.586e-02,-0.92,-1
5.590e-02,-0.84,-0.66
5.593e-02,-0.84,-1.02
5.596e-02,-0.84,-0.68
5.599e-02,-0.8,-1
5.602e-02,-0.9,-0.62
5.606e-02,-0.9,-1.06
5.609e-02,-0.96,-0.68
5.612e-02,-0.9,-1.06
5.615e-02,-1,-0.7
5.618e-02,-0.84,-1
5.622e-02,-0.8,-0.62
5.625e-02,-0.88,-1.08
5.628e-02,-0.92,-0.7
5.631e-02,-0.94,-1.02
5.634e-02,-0.84,-0.74
5.638e-02,-0.92,-1.06
5.641e-02,-0.88,-0.68
5.644e-02,-0.84,-1
5.647e-02,-0.92,-0.7
5.650e-02,-0.9,-1.06
5.654e-02,-0.68,-0.62
5.657e-02,-0.8,-0.96
5.660e-02,-0.86,-0.62
5.663e-02,-0.84,-1
5.666e-02,-0.88,-0.66
5.670e-02,-0.82,-1.12
5.673e-02,-0.8,-0.7
5.676e-02,-0.84,-1.02
5.679e-02,-0.74,-0.66
5.682e-02,-0.84,-1.02
5.686e-02,-0.82,-0.68
5.689e-02,-0.88,-1
5.692e-02,-0.78,-0.64
5.695e-02,-0.9,-1.04
5.698e-02,-0.82,-0.68
5.702e-02,-0.88,-1.08
5.705e-02,-0.78,-0.64
5.708e-02,-0.88,-1.02
5.711e-02,-0.8,-0.68
5.714e-02,-0.7,-1
5.718e-02,-0.88,-0.7
5.721e-02,-0.86,-1.04
5.724e-02,-0.76,-0.68
5.727e-02,-0.84,-1.02
5.730e-02,-0.86,-0.7
5.734e-02,-0.86,-0.98
5.737e-02,-0.8,-0.7
5.740e-02,-0.82,-1
5.743e-02,-0.86,-0.7
5.746e-02,-0.92,-1.02
5.750e-02,-0.82,-0.64
5.753e-02,-0.84,-1.06
5.756e-02,-0.76,-0.64
5.759e-02,-0.8,-1.04
5.762e-02,-0.82,-0.7
5.766e-02,-0.78,-1
5.769e-02,-0.88,-0.64
5.772e-02,-0.88,-0.98
5.775e-02,-0.78,-0.62
5.778e-02,-0.8,-1.04
5.782e-02,-0.98,-0.72
5.785e-02,-0.88,-1
5.788e-02,-0.88,-0.66
5.791e-02,-0.98,-1.02
5.794e-02,-0.92,-0.68
5.798e-02,-0.94,-0.98
5.801e-02,-0.78,-0.68
5.804e-02,-0.94,-1.06
5.807e-02,-1.06,-0.7
5.810e-02,-0.82,-1.04
5.814e-02,-0.88,-0.7
5.817e-02,-0.88,-1
5.820e-02,-0.98,-0.68
5.823e-02,-0.92,-1.04
5.826e-02,-0.84,-0.66
5.830e-02,-1,-1.04
5.833e-02,-0.88,-0.7
5.836e-02,-0.94,-1.02
5.839e-02,-0.92,-0.66
5.842e-02,-0.8,-1.02
5.846e-02,-0.84,-0.7
5.849e-02,-0.88,-1
5.852e-02,-0.86,-0.62
5.855e-02,-0.9,-1.06
5.858e-02,-0.86,-0.62
5.862e-02,-0.96,-1.02
5.865e-02,-0.76,-0.64
5.868e-02,-0.66,-1.04
5.871e-02,-0.92,-0.62
5.874e-02,-0.86,-1.14
5.878e-02,-0.8,-0.74
5.881e-02,-0.8,-1.14
5.884e-02,-0.78,-0.66
5.887e-02,-0.92,-1.02
5.890e-02,-0.82,-0.66
5.894e-02,-0.82,-1.04
5.897e-02,-0.9,-0.68
5.900e-02,-0.96,-1.06
5.903e-02,-0.72,-0.68
5.906e-02,-0.82,-1.02
5.910e-02,-0.88,-0.68
5.913e-02,-0.84,-1
5.916e-02,-0.82,-0.68
5.919e-02,-0.82,-1.02
5.922e-02,-0.86,-0.6
5.926e-02,-0.9,-1.1
5.929e-02,-0.86,-0.72
5.932e-02,-0.78,-1.02
5.935e-02,-0.72,-0.68
5.938e-02,-0.82,-1.02
5.942e-02,-0.86,-0.66
5.945e-02,-0.8,-1.06
5.948e-02,-0.82,-0.66
5.951e-02,-0.78,-1.06
5.954e-02,-0.9,-0.66
5.958e-02,-0.72,-1.06
5.961e-02,-0.92,-0.68
5.964e-02,-0.84,-1
5.967e-02,-0.84,-0.62
5.970e-02,-0.78,-1.02
5.974e-02,-0.8,-0.54
5.977e-02,-0.84,-1.1
5.980e-02,-0.84,-0.74
5.983e-02,-0.86,-1.02
5.986e-02,-0.94,-0.66
5.990e-02,-0.84,-1.08
5.993e-02,-0.8,-0.66
5.996e-02,-0.8,-1.04
5.999e-02,-1,-0.64
6.002e-02,-0.86,-1.04
6.006e-02,-0.86,-0.66
6.009e-02,-0.92,-1.04
6.012e-02,-0.92,-0.7
6.015e-02,-0.88,-1
6.018e-02,-0.96,-0.68
6.022e-02,-0.88,-1.02
6.025e-02,-0.74,-0.68
6.028e-02,-0.88,-1
6.031e-02,-0.88,-0.6
6.034e-02,-0.94,-1
6.038e-02,-0.9,-0.7
6.041e-02,-0.82,-1.06
6.044e-02,-0.84,-0.68
6.047e-02,-0.82,-0.96
6.050e-02,-0.82,-0.7
6.054e-02,-0.78,-1.08
6.057e-02,-0.9,-0.7
6.060e-02,-0.88,-0.98
6.063e-02,-0.88,-0.7
6.066e-02,-0.86,-1.04
6.070e-02,-0.78,-0.64
6.073e-02,-0.8,-1
6.076e-02,-0.82,-0.64
6.079e-02,-0.72,-1.02
6.082e-02,-0.84,-0.66
6.086e-02,-0.76,-0.96
6.089e-02,-0.76,-0.6
6.092e-02,-0.82,-0.98
6.095e-02,-0.82,-0.6
6.098e-02,-0.74,-1.04
6.102e-02,-0.8,-0.64
6.105e-02,-0.82,-1.02
6.108e-02,-0.84,-0.66
6.111e-02,-0.76,-0.98
6.114e-02,-0.76,-0.6
6.118e-02,-0.82,-1.02
6.121e-02,-0.68,-0.6
6.124e-02,-0.9,-1.02
6.127e-02,-0.78,-0.64
6.130e-02,-0.88,-0.98
6.134e-02,-0.84,-0.66
6.137e-02,-0.78,-1.02
6.140e-02,-0.86,-0.66
6.143e-02,-0.88,-1.06
6.146e-02,-0.84,-0.66
6.150e-02,-0.78,-1.04
6.153e-02,-0.94,-0.64
6.156e-02,-0.82,-1.02
6.159e-02,-0.82,-0.72
6.162e-02,-0.82,-1
6.166e-02,-0.9,-0.66
6.169e-02,-0.88,-1.1
6.172e-02,-0.96,-0.66
6.175e-02,-0.88,-1.06
6.178e-02,-0.96,-0.68
6.182e-02,-0.82,-1
6.185e-02,-0.84,-0.66
6.188e-02,-1,-1.02
6.191e-02,-0.94,-0.7
6.194e-02,-0.96,-1.04
6.198e-02,-0.74,-0.56
6.201e-02,-0.72,-1.04
6.204e-02,-0.9,-0.62
6.207e-02,-0.9,-1.02
6.210e-02,-0.96,-0.72
6.214e-02,-0.98,-1.06
6.217e-02,-0.98,-0.7
6.220e-02,-0.92,-1.06
6.223e-02,-0.9,-0.66
6.226e-02,-0.86,-1.1
6.230e-02,-0.88,-0.72
6.233e-02,-0.96,-1.04
6.236e-02,-0.84,-0.72
6.239e-02,-0.82,-1
6.242e-02,-0.92,-0.64
6.246e-02,-0.8,-1.04
6.249e-02,-0.72,-0.66
6.252e-02,-0.8,-1
6.255e-02,-0.8,-0.7
6.258e-02,-0.76,-0.96
6.262e-02,-0.76,-0.66
6.265e-02,-0.84,-1.06
6.268e-02,-0.7,-0.62
6.271e-02,-0.76,-1.02
6.274e-02,-0.84,-0.72
6.278e-02,-0.84,-1
6.281e-02,-0.88,-0.62
6.284e-02,-0.92,-1.02
6.287e-02,-0.86,-0.72
6.290e-02,-0.84,-1
6.294e-02,-0.8,-0.7
6.297e-02,-0.92,-1.04
6.300e-02,-0.9,-0.7
6.303e-02,-0.94,-1.04
6.306e-02,-0.86,-0.7
6.310e-02,-0.9,-1.06
6.313e-02,-0.76,-0.7
6.316e-02,-0.82,-1.02
6.319e-02,-0.76,-0.68
6.322e-02,-0.8,-1.02
6.326e-02,-0.88,-0.72
6.329e-02,-0.98,-1.08
6.332e-02,-0.7,-0.62
6.335e-02,-0.78,-1.04
6.338e-02,-0.96,-0.64
6.342e-02,-0.76,-1.02
6.345e-02,-0.96,-0.62
6.348e-02,-0.88,-1.02
6.351e-02,-0.86,-0.64
6.354e-02,-0.82,-1.06
6.358e-02,-1.02,-0.72
6.361e-02,-0.86,-1.04
6.364e-02,-0.8,-0.7
6.367e-02,-0.94,-1.08
6.370e-02,-0.96,-0.78
6.374e-02,-0.9,-1.02
6.377e-02,-0.88,-0.7
6.380e-02,-0.76,-1.02
6.383e-02,-0.86,-0.68
6.386e-02,-0.92,-1
6.390e-02,-0.84,-0.72
6.393e-02,-0.92,-1.06
6.396e-02,-0.98,-0.74
6.399e-02,-0.86,-1.06
6.402e-02,-0.9,-0.7
6.406e-02,-1,-1.1
6.409e-02,-0.88,-0.7
6.412e-02,-0.86,-1.02
6.415e-02,-0.86,-0.62
6.418e-02,-0.9,-1.08
6.422e-02,-0.98,-0.68
6.425e-02,-0.82,-1.1
6.428e-02,-0.84,-0.72
6.431e-02,-0.92,-1.14
6.434e-02,-0.78,-0.68
6.438e-02,-0.92,-1.04
6.441e-02,-0.88,-0.7
6.444e-02,-0.82,-1.02
6.447e-02,-0.82,-0.7
6.450e-02,-0.82,-1.02
6.454e-02,-0.92,-0.7
6.457e-02,-0.78,-1
6.460e-02,-0.84,-0.68
6.463e-02,-0.9,-1.02
6.466e-02,-0.88,-0.72
6.470e-02,-0.84,-1.08
6.473e-02,-0.9,-0.66
6.476e-02,-0.86,-1.02
6.479e-02,-0.92,-0.64
6.482e-02,-0.82,-1.04
6.486e-02,-0.92,-0.66
6.489e-02,-0.7,-1
6.492e-02,-0.7,-0.62
6.495e-02,-0.78,-1.06
6.498e-02,-0.8,-0.7
6.502e-02,-0.84,-1.08
6.505e-02,-0.86,-0.72
6.508e-02,-0.82,-0.98
6.511e-02,-0.84,-0.62
6.514e-02,-0.74,-1.02
6.518e-02,-0.72,-0.62
6.521e-02,-0.92,-1.04
6.524e-02,-0.86,-0.66
6.527e-02,-0.76,-1
6.530e-02,-0.82,-0.66
6.534e-02,-0.9,-1
6.537e-02,-0.84,-0.72
6.540e-02,-0.78,-1
6.543e-02,-0.8,-0.66
6.546e-02,-0.86,-1
6.550e-02,-0.94,-0.72
6.553e-02,-0.88,-1
6.556e-02,-0.76,-0.64
6.559e-02,-0.96,-1.02
6.562e-02,-0.72,-0.66
6.566e-02,-0.84,-1.04
6.569e-02,-1.02,-0.7
6.572e-02,-0.92,-1.02
6.575e-02,-0.86,-0.68
6.578e-02,-0.78,-1.02
6.582e-02,-0.94,-0.68
6.585e-02,-0.84,-1.02
6.588e-02,-0.86,-0.68
6.591e-02,-0.84,-1.02
6.594e-02,-0.92,-0.72
6.598e-02,-0.86,-1.02
6.601e-02,-0.9,-0.68
6.604e-02,-0.84,-1.02
6.607e-02,-0.86,-0.68
6.610e-02,-0.88,-1.1
6.614e-02,-0.78,-0.64
6.617e-02,-0.86,-1.02
6.620e-02,-0.86,-0.62
6.623e-02,-0.8,-1
6.626e-02,-0.9,-0.68
6.630e-02,-0.82,-1
6.633e-02,-0.92,-0.68
6.636e-02,-0.92,-1.04
6.639e-02,-0.78,-0.62
6.642e-02,-0.82,-1
6.646e-02,-0.86,-0.64
6.649e-02,-0.86,-1.06
6.652e-02,-0.82,-0.7
6.655e-02,-0.8,-1.08
6.658e-02,-0.86,-0.64
6.662e-02,-0.64,-1.04
6.665e-02,-0.8,-0.62
6.668e-02,-0.84,-1.04
6.671e-02,-0.94,-0.7
6.674e-02,-0.78,-0.96
6.678e-02,-0.72,-0.6
6.681e-02,-0.88,-1.02
6.684e-02,-0.74,-0.68
6.687e-02,-0.82,-1.04
6.690e-02,-0.72,-0.62
6.694e-02,-0.9,-1.06
6.697e-02,-0.82,-0.74
6.700e-02,-0.9,-1.06
6.703e-02,-0.78,-0.68
6.706e-02,-0.82,-1.1
6.710e-02,-0.82,-0.62
6.713e-02,-0.78,-1
6.716e-02,-0.88,-0.62
6.719e-02,-0.82,-1
6.722e-02,-0.82,-0.66
6.726e-02,-0.76,-1
6.729e-02,-0.78,-0.62
6.732e-02,-0.76,-1.08
6.735e-02,-0.84,-0.72
6.738e-02,-0.9,-1.04
6.742e-02,-0.84,-0.64
6.745e-02,-0.78,-1
6.748e-02,-0.82,-0.68
6.751e-02,-0.84,-1.02
6.754e-02,-0.86,-0.7
6.758e-02,-1.02,-1.06
6.761e-02,-0.72,-0.58
6.764e-02,-0.84,-1
6.767e-02,-0.74,-0.64
6.770e-02,-0.78,-1.04
6.774e-02,-0.92,-0.7
6.777e-02,-0.86,-0.98
6.780e-02,-0.92,-0.56
6.783e-02,-0.86,-1.04
6.786e-02,-0.94,-0.74
6.790e-02,-0.88,-0.98
6.793e-02,-0.82,-0.6
6.796e-02,-0.82,-0.96
6.799e-02,-0.86,-0.62
6.802e-02,-0.92,-1.04
6.806e-02,-0.9,-0.68
6.809e-02,-0.92,-1.04
6.812e-02,-0.96,-0.66
6.815e-02,-0.94,-1.04
6.818e-02,-0.96,-0.68
6.822e-02,-0.8,-1.04
6.825e-02,-0.86,-0.64
6.828e-02,-0.84,-1
6.831e-02,-0.78,-0.54
6.834e-02,-0.98,-1.08
6.838e-02,-0.78,-0.64
6.841e-02,-0.78,-1.06
6.844e-02,-0.9,-0.62
6.847e-02,-0.76,-1
6.850e-02,-0.82,-0.58
6.854e-02,-0.86,-1
6.857e-02,-0.74,-0.66
6.860e-02,-0.78,-0.98
6.863e-02,-0.74,-0.64
6.866e-02,-0.84,-1.04
6.870e-02,-0.82,-0.68
6.873e-02,-0.72,-1.04
6.876e-02,-0.82,-0.56
6.879e-02,-0.8,-1
6.882e-02,-0.78,-0.64
6.886e-02,-0.88,-1
6.889e-02,-0.76,-0.7
6.892e-02,-0.78,-1.04
6.895e-02,-0.8,-0.62
6.898e-02,-0.9,-1.02
6.902e-02,-0.82,-0.6
6.905e-02,-1,-1.04
6.908e-02,-0.8,-0.68
6.911e-02,-0.76,-1.06
6.914e-02,-0.84,-0.62
6.918e-02,-0.88,-1.04
6.921e-02,-0.82,-0.6
6.924e-02,-0.82,-1.02
6.927e-02,-0.72,-0.54
6.930e-02,-0.78,-1.02
6.934e-02,-0.86,-0.62
6.937e-02,-0.84,-1
6.940e-02,-0.88,-0.62
6.943e-02,-0.86,-0.96
6.946e-02,-0.88,-0.58
6.950e-02,-0.84,-1
6.953e-02,-0.92,-0.68
6.956e-02,-0.86,-1.06
6.959e-02,-0.94,-0.64
6.962e-02,-1,-1.12
6.966e-02,-0.9,-0.66
6.969e-02,-0.94,-1
6.972e-02,-0.92,-0.64
6.975e-02,-0.82,-1.04
6.978e-02,-0.88,-0.64
6.982e-02,-0.82,-1.04
6.985e-02,-0.98,-0.68
6.988e-02,-0.9,-1
6.991e-02,-0.76,-0.64
6.994e-02,-0.84,-1.06
6.998e-02,-0.96,-0.72
7.001e-02,-0.88,-1.02
7.004e-02,-0.92,-0.62
7.007e-02,-0.82,-1.04
7.010e-02,-0.84,-0.6
7.014e-02,-0.92,-1.06
7.017e-02,-0.88,-0.64
7.020e-02,-0.74,-1.02
7.023e-02,-0.8,-0.64
7.026e-02,-0.86,-1.14
7.030e-02,-0.76,-0.66
7.033e-02,-0.84,-1.08
7.036e-02,-0.88,-0.68
7.039e-02,-0.88,-1.12
7.042e-02,-0.82,-0.7
7.046e-02,-0.86,-1.1
7.049e-02,-0.76,-0.64
7.052e-02,-0.92,-1.02
7.055e-02,-0.86,-0.56
7.058e-02,-0.7,-1
7.062e-02,-0.88,-0.66
7.065e-02,-0.78,-0.96
7.068e-02,-0.86,-0.64
7.071e-02,-0.74,-1
7.074e-02,-0.86,-0.68
7.078e-02,-0.88,-1.02
7.081e-02,-0.74,-0.68
7.084e-02,-0.84,-1
7.087e-02,-0.74,-0.66
7.090e-02,-0.88,-1.02
7.094e-02,-0.86,-0.66
7.097e-02,-0.92,-1.04
7.100e-02,-0.9,-0.68
7.103e-02,-0.84,-1.02
7.106e-02,-0.68,-0.56
7.110e-02,-0.92,-1.1
7.113e-02,-0.92,-0.72
7.116e-02,-0.9,-1.12
7.119e-02,-0.8,-0.7
7.122e-02,-0.78,-1.06
7.126e-02,-0.98,-0.68
7.129e-02,-0.84,-1.02
7.132e-02,-0.78,-0.68
7.135e-02,-0.8,-1.04
7.138e-02,-0.88,-0.56
7.142e-02,-0.92,-0.98
7.145e-02,-0.88,-0.68
7.148e-02,-0.96,-1.04
7.151e-02,-0.76,-0.66
7.154e-02,-0.9,-1.02
7.158e-02,-0.9,-0.72
7.161e-02,-0.88,-1.06
7.164e-02,-0.92,-0.72
7.167e-02,-0.88,-1
7.170e-02,-0.86,-0.72
7.174e-02,-0.9,-1.04
7.177e-02,-1.02,-0.64
7.180e-02,-0.94,-1.06
7.183e-02,-0.84,-0.7
7.186e-02,-0.82,-1.04
7.190e-02,-0.96,-0.68
7.193e-02,-1,-1.1
7.196e-02,-0.92,-0.66
7.199e-02,-1.02,-1.06
7.202e-02,-0.9,-0.68
7.206e-02,-0.76,-1.06
7.209e-02,-1,-0.62
7.212e-02,-0.86,-1.1
7.215e-02,-1,-0.74
7.218e-02,-0.9,-1.04
7.222e-02,-0.88,-0.58
7.225e-02,-0.92,-1.06
7.228e-02,-0.68,-0.64
7.231e-02,-0.92,-1.02
7.234e-02,-0.86,-0.68
7.238e-02,-0.78,-1
7.241e-02,-0.8,-0.72
7.244e-02,-0.8,-1.08
7.247e-02,-0.76,-0.6
7.250e-02,-0.96,-1.04
7.254e-02,-0.86,-0.66
7.257e-02,-0.84,-1.08
7.260e-02,-0.68,-0.66
7.263e-02,-0.94,-1.06
7.266e-02,-0.78,-0.74
7.270e-02,-0.82,-0.98
7.273e-02,-0.68,-0.64
7.276e-02,-0.82,-1.12
7.279e-02,-0.92,-0.72
7.282e-02,-0.82,-1
7.286e-02,-0.84,-0.7
7.289e-02,-0.86,-1.08
7.292e-02,-0.76,-0.68
7.295e-02,-0.9,-1.12
7.298e-02,-0.92,-0.64
7.302e-02,-0.86,-1
7.305e-02,-0.66,-0.62
7.308e-02,-0.86,-1.06
7.311e-02,-0.86,-0.68
7.314e-02,-0.88,-1.06
7.318e-02,-0.9,-0.7
7.321e-02,-0.88,-1
7.324e-02,-0.8,-0.58
7.327e-02,-0.9,-1.06
7.330e-02,-0.9,-0.76
7.334e-02,-0.94,-1.14
7.337e-02,-0.84,-0.72
7.340e-02,-0.82,-1.14
7.343e-02,-0.94,-0.7
7.346e-02,-0.82,-1.02
7.350e-02,-0.84,-0.68
7.353e-02,-0.86,-1.02
7.356e-02,-0.86,-0.68
7.359e-02,-0.9,-1.06
7.362e-02,-0.96,-0.66
7.366e-02,-0.76,-1.02
7.369e-02,-0.9,-0.66
7.372e-02,-0.96,-1.04
7.375e-02,-0.82,-0.72
7.378e-02,-0.94,-1.06
7.382e-02,-0.98,-0.7
7.385e-02,-0.88,-1.04
7.388e-02,-0.86,-0.7
7.391e-02,-0.92,-1.04
7.394e-02,-0.9,-0.62
7.398e-02,-0.86,-1
7.401e-02,-0.82,-0.68
7.404e-02,-0.92,-1.08
7.407e-02,-0.96,-0.62
7.410e-02,-0.8,-1.08
7.414e-02,-0.84,-0.68
7.417e-02,-0.88,-1.06
7.420e-02,-0.8,-0.64
7.423e-02,-0.8,-1
7.426e-02,-0.84,-0.66
7.430e-02,-0.92,-1.14
7.433e-02,-0.9,-0.66
7.436e-02,-0.74,-1.02
7.439e-02,-0.82,-0.66
7.442e-02,-0.92,-1.08
7.446e-02,-0.86,-0.68
7.449e-02,-0.82,-1.02
7.452e-02,-0.82,-0.7
7.455e-02,-0.86,-1.06
7.458e-02,-0.84,-0.64
7.462e-02,-0.96,-1.04
7.465e-02,-0.74,-0.7
7.468e-02,-0.86,-0.98
7.471e-02,-0.72,-0.62
7.474e-02,-0.88,-1.06
7.478e-02,-0.84,-0.68
7.481e-02,-0.82,-1.02
7.484e-02,-0.82,-0.64
7.487e-02,-0.74,-1.06
7.490e-02,-0.86,-0.58
7.494e-02,-0.82,-1.1
7.497e-02,-0.82,-0.7
7.500e-02,-0.92,-1.04
7.503e-02,-0.76,-0.68
7.506e-02,-0.76,-1
7.510e-02,-0.9,-0.68
7.513e-02,-0.84,-1.02
7.516e-02,-0.74,-0.68
7.519e-02,-0.94,-1.02
7.522e-02,-0.86,-0.62
7.526e-02,-0.78,-1.02
7.529e-02,-0.86,-0.7
7.532e-02,-0.88,-1
7.535e-02,-0.8,-0.56
7.538e-02,-0.92,-1
7.542e-02,-0.9,-0.66
7.545e-02,-0.88,-1.04
7.548e-02,-0.86,-0.64
7.551e-02,-0.88,-1.04
7.554e-02,-0.84,-0.58
7.558e-02,-0.92,-1
7.561e-02,-0.86,-0.74
7.564e-02,-0.92,-1.06
7.567e-02,-0.92,-0.66
7.570e-02,-0.9,-1.06
7.574e-02,-0.84,-0.72
7.577e-02,-0.88,-1.12
7.580e-02,-0.92,-0.74
7.583e-02,-0.88,-0.98
7.586e-02,-0.9,-0.62
7.590e-02,-0.84,-1.14
7.593e-02,-0.82,-0.7
7.596e-02,-0.92,-1.02
7.599e-02,-0.92,-0.72
7.602e-02,-0.96,-1.06
7.606e-02,-0.88,-0.56
7.609e-02,-0.92,-1.04
7.612e-02,-0.86,-0.72
7.615e-02,-0.86,-1
7.618e-02,-0.88,-0.7
7.622e-02,-0.8,-1.04
7.625e-02,-0.86,-0.62
7.628e-02,-0.82,-1
7.631e-02,-0.9,-0.7
7.634e-02,-0.78,-1.06
7.638e-02,-0.92,-0.6
7.641e-02,-0.84,-1.04
7.644e-02,-0.88,-0.74
7.647e-02,-0.88,-1.02
7.650e-02,-0.82,-0.64
7.654e-02,-0.64,-1.04
7.657e-02,-0.82,-0.62
7.660e-02,-0.76,-1.02
7.663e-02,-0.84,-0.66
7.666e-02,-0.82,-1.02
7.670e-02,-0.86,-0.66
7.673e-02,-0.88,-1.1
7.676e-02,-0.8,-0.64
7.679e-02,-0.86,-1.04
7.682e-02,-0.78,-0.68
7.686e-02,-0.92,-1
7.689e-02,-0.86,-0.68
7.692e-02,-0.72,-1
7.695e-02,-0.72,-0.62
7.698e-02,-0.86,-1
7.702e-02,-0.76,-0.68
7.705e-02,-0.74,-1.1
7.708e-02,-0.82,-0.68
7.711e-02,-1.02,-1.08
7.714e-02,-0.84,-0.62
7.718e-02,-0.7,-1
7.721e-02,-0.84,-0.62
7.724e-02,-0.84,-1.04
7.727e-02,-0.82,-0.66
7.730e-02,-0.84,-1.02
7.734e-02,-0.74,-0.7
7.737e-02,-0.9,-1.04
7.740e-02,-0.92,-0.66
7.743e-02,-0.88,-1.04
7.746e-02,-0.88,-0.62
7.750e-02,-0.88,-1.04
7.753e-02,-0.88,-0.66
7.756e-02,-0.96,-1.04
7.759e-02,-0.94,-0.66
7.762e-02,-0.86,-1.04
7.766e-02,-0.86,-0.7
7.769e-02,-0.82,-1.02
7.772e-02,-0.88,-0.7
7.775e-02,-0.82,-1.06
7.778e-02,-0.88,-0.72
7.782e-02,-0.88,-0.96
7.785e-02,-0.76,-0.66
7.788e-02,-0.86,-1
7.791e-02,-0.92,-0.66
7.794e-02,-0.78,-1.02
7.798e-02,-0.76,-0.66
7.801e-02,-0.96,-1
7.804e-02,-0.8,-0.68
7.807e-02,-0.92,-1.04
7.810e-02,-0.86,-0.7
7.814e-02,-0.84,-1.02
7.817e-02,-0.88,-0.68
7.820e-02,-0.84,-0.98
7.823e-02,-0.84,-0.66
7.826e-02,-0.78,-1.08
7.830e-02,-0.76,-0.72
7.833e-02,-0.78,-1
7.836e-02,-0.7,-0.66
7.839e-02,-0.8,-1.04
7.842e-02,-0.94,-0.64
7.846e-02,-0.88,-1
7.849e-02,-0.84,-0.64
7.852e-02,-0.78,-1.08
7.855e-02,-0.76,-0.68
7.858e-02,-0.7,-1.12
7.862e-02,-0.82,-0.6
7.865e-02,-0.82,-1.04
7.868e-02,-0.72,-0.68
7.871e-02,-0.78,-1.06
7.874e-02,-0.84,-0.72
7.878e-02,-0.84,-1.04
7.881e-02,-0.82,-0.56
7.884e-02,-0.84,-1.14
7.887e-02,-0.84,-0.72
7.890e-02,-0.92,-1.04
7.894e-02,-0.86,-0.7
7.897e-02,-0.8,-1.12
7.900e-02,-0.84,-0.68
7.903e-02,-0.88,-1.04
7.906e-02,-0.84,-0.7
7.910e-02,-0.84,-1.06
7.913e-02,-0.96,-0.62
7.916e-02,-0.76,-1.04
7.919e-02,-0.86,-0.68
7.922e-02,-0.98,-1.04
7.926e-02,-0.88,-0.62
7.929e-02,-0.82,-1.08
7.932e-02,-0.86,-0.7
7.935e-02,-0.92,-1
7.938e-02,-0.82,-0.66
7.942e-02,-0.88,-1.1
7.945e-02,-1.02,-0.7
7.948e-02,-0.96,-1.06
7.951e-02,-0.86,-0.68
7.954e-02,-0.92,-1.02
7.958e-02,-0.9,-0.7
7.961e-02,-0.94,-1.04
7.964e-02,-0.78,-0.68
7.967e-02,-0.98,-1
7.970e-02,-0.74,-0.6
7.974e-02,-0.88,-1.06
7.977e-02,-0.76,-0.68
7.980e-02,-0.72,-1.02
7.983e-02,-0.88,-0.64
7.986e-02,-0.92,-1.04
7.990e-02,-0.98,-0.74
7.993e-02,-0.86,-1.02
7.996e-02,-0.88,-0.68
7.999e-02,-0.82,-1.08
8.002e-02,-0.84,-0.72
8.006e-02,-0.84,-1
8.009e-02,-0.94,-0.68
8.012e-02,-0.84,-1.02
8.015e-02,-0.88,-0.74
8.018e-02,-0.94,-1.06
8.022e-02,-0.96,-0.66
8.025e-02,-0.8,-1
8.028e-02,-0.84,-0.64
8.031e-02,-0.8,-0.96
8.034e-02,-0.8,-0.66
8.038e-02,-0.86,-1.04
8.041e-02,-0.82,-0.64
8.044e-02,-0.82,-1
8.047e-02,-0.78,-0.62
8.050e-02,-0.8,-1.04
8.054e-02,-0.76,-0.68
8.057e-02,-0.84,-1.1
8.060e-02,-0.8,-0.72
8.063e-02,-0.88,-1.02
8.066e-02,-0.7,-0.62
8.070e-02,-0.8,-1.06
8.073e-02,-0.9,-0.72
8.076e-02,-0.92,-1.06
8.079e-02,-0.74,-0.6
8.082e-02,-0.78,-1.1
8.086e-02,-0.76,-0.68
8.089e-02,-0.92,-1.06
8.092e-02,-0.9,-0.7
8.095e-02,-0.72,-1.08
8.098e-02,-0.78,-0.7
8.102e-02,-0.86,-1.02
8.105e-02,-0.96,-0.66
8.108e-02,-0.86,-1.1
8.111e-02,-0.92,-0.72
8.114e-02,-0.88,-1.04
8.118e-02,-0.9,-0.66
8.121e-02,-0.94,-1.04
8.124e-02,-0.9,-0.66
8.127e-02,-0.8,-1.02
8.130e-02,-0.84,-0.66
8.134e-02,-0.86,-1.04
8.137e-02,-0.86,-0.64
8.140e-02,-0.88,-1.12
8.143e-02,-1.1,-0.68
8.146e-02,-0.92,-1.04
8.150e-02,-1,-0.66

